Vocab,Meaning
一,One
一つ,One Thing
七,Seven
七つ,Seven Things
九,Nine
九つ,Nine Things
二,Two
二つ,Two Things
人,Person
二人,Two People
一人,Alone
アメリカ人,American Person
フランス人,French Person
入る,To Enter
入れる,To Insert
八,Eight
八つ,Eight Things
力,Power
十,Ten
三,Three
三つ,Three Things
三人,Three People
上,Above
上げる,To Lift Something
上がる,To Go Up
上る,To Climb
下,Below
下がる,To Get Lower
下げる,To Lower Something
下さい,Please Give Me
口,Mouth
入り口,Entrance
大きい,Big
大きさ,Size
大した,Great
大人,Adult
女,Woman
山,Mountain
ふじ山,Mt Fuji
川,River
刀,Sword
土,Dirt
千,Thousand
一千,One Thousand
夕べ,Last Night
女の子,Girl
子,Child
女子,Girl
小さい,Small
又,Again
丸,Circle
丸い,Circular
〜才,Years Old
中,Inside
中々,Rather
五月,May
五日,Fifth Day
五十,Fifty
五つ,Five Things
五,Five
六つ,Six Things
六月,June
六日,Sixth Day
十六,Sixteen
六,Six
〜円,Yen
千円,One Thousand Yen
円い,Round
天,Heaven
天才,Genius
手,Hand
下手,Unskillful
上手,Good At
文,Writing
日,Sun
月,Moon
十月,October
一月,January
二月,February
木,Tree
水,Water
火,Fire
火山,Volcano
犬,Dog
子犬,Puppy
王,King
王子,Prince
女王,Queen
王女,Princess
出す,To Take Out
出る,To Exit
出口,Exit
右,Right Direction
右手,Right Hand
四,Four
四月,April
四日,Fourth Day
四つ,Four Things
四千,Four Thousand
四十,Forty
左,Left Direction
左手,Left Hand
本,Book
日本,Japan
正しい,Correct
正す,To Correct
玉,Ball
ビー玉,Marble
玉ねぎ,Onion
生まれる,To Be Born
生む,To Give Birth
生きる,To Live
生,Fresh
田,Rice Paddy
白,White
白人,White Person
目,Eye
目玉,Eyeball
石,Stone
立つ,To Stand
立てる,To Stand Something Up
一万,Ten Thousand
二万,Twenty Thousand
十万,One Hundred Thousand
久しい,Long Ago
久しぶり,Long Time No See
今,Now
今日,Today
今月,This Month
元,Origin
半分,Half
分かる,To Understand
分ける,To Separate Something
分,Part
切れる,To Be Cut
大切,Important
切る,To Cut
友人,Friend
太い,Fat
太る,To Get Fat
少し,A Little
少ない,Few
引く,To Pull
心,Heart
戸口,Doorway
方,Way
止まる,To Stop
止める,To Stop Something
中止,Suspension
毛,Fur
父,Father
お父さん,Father
牛,Cow
兄,Older Brother
お兄さん,Older Brother
冬,Winter
北,North
半,Half
古い,Old
中古,Secondhand
一台,One Machine
二台,Two Machines
五台,Five Machines
十台,Ten Machines
外,Outside
外人,Foreigner
外れ,Extremity
外れる,To Be Disconnected
市,City
市立,Municipal
シアトル市,Seattle
広い,Wide
母,Mother
お母さん,Mother
用いる,To Utilize
公用,Government Business
矢,Arrow
休み,Rest
休む,To Rest
休止,Pause
休日,Holiday
先ず,First Of All
先,Tip
先々月,Month Before Last
先月,Last Month
先日,The Other Day
先生,Teacher
名人,Expert
名字,Surname
字,Character
太字,Bold Letter
文字,Letter (Of The Alphabet)
一文字,Straight Line
大文字,Uppercase Letters
２０１１年,Year 2011
年内,By The End Of The Year
年中,Year Round
一年生,First Year Student
少年,Boy
去年,Last Year
早い,Early
早々,As Soon As
気,Spirit
気に入る,To Take A Liking
一気,One Breath
気分,Feeling
人気,Popular
元気,Energy
天気,Weather
本気,Serious
平気,Calm
一本気,Single Mindedness
百万,Million
四百,Four Hundred
五百,Five Hundred
二百,Two Hundred
竹の子,Bamboo Shoot
竹,Bamboo
糸,Thread
耳,Ear
耳打ち,Whisper In Ear
虫,Bug
村,Village
村人,Villager
男,Man
町,Town
花,Flower
花火,Fireworks
花見,Viewing Cherry Blossoms
見る,To See
見える,To Be Visible
見せる,To Show
見分ける,To Distinguish
見方,Way Of Seeing
月見,Moon Viewing
貝,Shell
赤,Red
赤ちゃん,Baby
足りる,To Be Enough
足,Foot
不足,Shortage
車,Car
車内,Inside The Car
世,World
二世,Second Generation
三世,Third Generation
主に,Mainly
主人,Head Of Household
仕方,Method
仕方がない,Can't Be Helped
他,Other
他人,Another Person
代わる,To Replace
一代,Lifetime
代用,Substitution
写す,To Copy
写る,To Be Photographed
号,Number
中央,Center
平ら,Flat
平日,Weekdays
打つ,To Hit Something
一打,One Hit
氷,Ice
かき氷,Shaved Ice
申す,To Say Humbly
申し申し,Excuse Me
皮,Skin
皿,Plate
小皿,Small Plate
お礼,Thanks
不正,Injustice
交ぜる,To Mix Something
大会,Convention
会う,To Meet
光,Light
光年,Light-year
月光,Moonlight
日光,Sunlight
同じ,Same
同日,Same Day
〜回,Times
回る,To Revolve
一回,One Time
今回,This Time
毎回,Every Time
多い,Many
多分,Maybe
当たる,To Be Right
当たり,A Success
毎月,Every Month
毎日,Every Day
毎年,Every Year
池,Pond
米,Rice
羽,Feathers
考え,Thought
考える,To Think About
考え方,Way Of Thinking
肉,Meat
牛肉,Beef
皮肉,Irony
自分,Oneself
自立,Independence
色,Color
色々,Various
水色,Sky Blue
行く,To Go
行う,To Carry Something Out
行き,Train Direction
西,West
北西,Northwest
何千,Thousands
何,What
何人,How Many People
何月,What Month
何日,How Many Days
何年,What Year
何回,How Many Times
学ぶ,To Learn
学生,Student
学年,School Grade
入学,School Admission
工学,Engineering
大学,University
休学,Absence From School
林,Forest
空気,Air
空,Sky
金,Gold
金玉,Testicles
お金,Money
雨,Rain
青い,Blue
青年,Youth
草,Grass
音,Sound
作る,To Make
体,Body
体力,Physical Strength
体内,Inside The Body
作文,Composition
作用,Effect
工作,Handicraft
大作,Monumental Work
図,Diagram
声,Voice
大声,Large Voice
売る,To Sell Something
売り上げ,Amount Sold
売り切れ,Sold Out
売り手,Seller
弟,Younger Brother
兄弟,Brothers
形,Shape
ハート形,Heart Shaped
来る,To Come
来月,Next Month
来年,Next Year
古来,From Ancient Times
外来,Outpatient
〜年来,For Some Years
社内,Within The Company
入社,Joining A Company
公社,Government-Run Company
本社,Headquarters
会社,Company
角,Corner
三角,Triangle
四角,Square
言う,To Say
谷,Valley
走る,To Run
走行,Traveling
近い,Close
近日,Soon
近年,Recent Years
麦,Wheat
文化,Culture
地,Earth
地下,Underground
土地,Land
地図,Map
両手,Both Hands
両日,Both Days
両方,Both
全て,All
全力,Full Effort
全日本,All Japan
安全,Safety
方向,Direction
安い,Cheap
安心,Relief
不安,Uneasiness
平安,Peace
州,State
九州,Kyuushuu
本州,Honshuu
曲,Tune
名曲,Famous Music
有る,To Have
有名,Famous
次,Next
次回,Next Time
目次,Table Of Contents
年次,Annual
死ぬ,To Die
死体,Dead Body
死亡,Mortality
羊,Sheep
羊毛,Wool
血,Blood
出血,Bleeding
国,Country
中国,China
天国,Kingdom Of Heaven
全国,Nationwide
四国,Shikoku
外国,Foreign Country
外国人,Foreign Person
米国,United States Of America
夜,Night
今夜,Tonight
姉妹,Sisters
妹,Younger Sister
お姉さん,Older Sister
店,Shop
明るい,Bright
不明,Unknown
東方,Eastward
東北,Tohoku
中東,Middle East
南東,Southeast
歩く,To Walk
直す,To Fix
直る,To Be Fixed
正直,Honest
直行,Nonstop
長い,Long
社長,Company President
前,Front
午前,AM
南,South
後ろ,Behind
後で,After
午後,PM
思う,To Think
星,Star
生活,Life
海,Ocean
海外,Overseas
点,Point
科学,Science
お茶,Tea
茶色,Brown
食べる,To Eat
首,Neck
足首,Ankle
首になる,To Get Fired
欠点,Shortcoming
〜氏,Mister
氏名,Full Name
自由,Freedom
理由,Reason
〜札,Bill
千円札,Thousand Yen Bill
国民,The People
辺り,Area
この辺,Around Here
付ける,To Attach Something
以外,Other Than
以上,More Than
以前,Previously
失う,To Lose
失礼,Rude
必ず,Surely
必死,Frantic
未だ,Not Yet
未来,Future
末,The End
年末,Year End
月末,End Of The Month
高校,High School
学校,School
夏,Summer
夏休み,Summer Vacation
家,House
作家,Writer
弱い,Weak
弱点,Weak Point
時,Time
一時,One O'clock
二時半,Two Thirty
何時,What Time
同時,Same Time
紙,Paper
手紙,Letter
日記,Diary
通る,To Pass
交通,Traffic
高い,Tall
強い,Strong
強力,Strength
教える,To Teach
教室,Classroom
心理学,Psychology
地理,Geography
組,Group
船,Boat
風船,Balloon
先週,Last Week
今週,This Week
週末,Weekend
雪,Snow
魚,Fish
金魚,Goldfish
海魚,Ocean Fish
鳥,Bird
白鳥,Swan
黄色,Yellow
黒い,Black
黒人,Black Person
馬,Horse
馬力,Horsepower
支える,To Support
支店,Branch Office
住む,To Live
住人,Resident
住民,Residents
助ける,To Help
助力,Assistance
助手,Assistant
助言,Advice
医大,Medical University
医学,Medical Science
医者,Doctor
君主国,Monarchy
君,You
〜君,Boy Name Ender
対する,To Face
対外,Foreign
対立,Confrontation
反対,Opposition
局,Bureau
支局,Branch Office
役,Role
役人,Public Official
役に立つ,To Be Useful
大役,Important Task
決,Decision
決める,To Decide
決心,Determination
未決,Pending
自決,Suicide
究明,Investigation
研究,Investigation
研究室,Laboratory
投げる,To Throw
心身,Body And Mind
身体,The Body
全身,Whole Body
森,Woods
両者,Both People
作者,Author
学者,Scholar
工学者,Engineer
場合,Case
場所,Place
入場,Entrance
工場,Factory
所,Place
入所,Admission
出所,Source
他所,Another Place
名所,Famous Place
住所,Address
朝,Morning
朝ごはん,Breakfast
朝日,Morning Sun
番号,Number
一番,Number One
二番,Number Two
交番,Police Box
答え,Answer
答える,To Answer
絵,Picture
買う,To Buy
道,Road
歩道,Sidewalk
〜道,Method Of
間,Interval
時間,Time
〜間,Amount Of Time
人間,Human
間もなく,Soon
空間,Space
雲,Cloud
数える,To Count
数,Number
数字,Numeral
数学,Mathematics
人数,The Number Of People
点数,Points
楽しい,Fun
音楽,Music
楽,Comfort
話す,To Speak
電話,Telephone
会話,Conversation
電車,Train
電気,Electricity
電池,Battery
電子,Electron
電力,Electric Power
事,Thing
用事,Task
工事,Construction
大事,Important
返事,Reply
食事,Meal
使う,To Use
道具,Tool
家具,Furniture
受ける,To Receive Something
和風,Japanese Style
平和,Peace
和食,Japanese Style Food
和室,Japanese Style Room
和服,Japanese Style Clothes
始める,To Begin Something
始まる,To Begin
始めに,In The Beginning
予定,Plan
決定,Decision
実,Truth
事実,Fact
実力,True Strength
服,Clothes
泳ぐ,To Swim
物,Thing
本物,Real Thing
名物,Local Specialty
苦い,Bitter Tasting
苦しい,Painful
乗る,To Ride
乗せる,To Give Someone A Ride
乗り物,Vehicle
お客さん,Guest
客室,Guest Room
〜屋,Store
部屋,Room
肉屋,Butcher Shop
茶屋,Tea Shop
魚屋,Fish Shop
名古屋,Nagoya
今度,This Time
丁度,Exactly
毎度,Each Time
角度,Angle
〜度,Degrees
待つ,To Wait
待たせる,To Make Someone Wait
持つ,To Hold Something
金持ち,Rich Person
気持ち,Feeling
世界,The World
発売,Sale
発音,Pronunciation
発見,Discovery
相談,Consultation
相手,Partner
〜県,Prefecture
美しい,Beautiful
美人,Beautiful Woman
負ける,To Lose
勝負,Match
勝つ,To Win
勝者,Winner
必勝,Sure Victory
楽勝,Easy Victory
送る,To Send Something
放送する,To Broadcast Something
重い,Heavy
重要,Essential
体重,Body Weight
二重,Double
必要,Necessary
要点,Main Point
仮に,Supposing
仮名,Kana
仮定,Assumption
起きる,To Wake Up
早速,At Once
速度,Speed
配る,To Distribute
お酒,Sake
日本酒,Japanese Style Alcohol
病院,Hospital
学院,Academy
終わる,To End
終点,Last Stop
終了,End
最終,Last
習う,To Learn
転がる,To Roll
自転車,Bicycle
運転する,To Drive
転送,Transfer
回転,Revolve
進む,To Advance
進化,Evolution
進行,Advance
落ちる,To Fall Down
青葉,Fresh Leaves
軽い,Lightweight
運ぶ,To Carry
運がいい,Lucky
開ける,To Open Something
公開,Open To The Public
開業,Opening A Business
開発,Development
集める,To Collect Something
集中,Concentration
集金,Collecting Money
飲む,To Drink
工業,Industry
漢字,Kanji
道路,Paved Road
線路,Railroad Track
路地,Alley
農民,Peasants
農業,Agriculture
地下鉄,Subway
鉄人,Strong Man
電鉄,Electric Railway
歌,Song
歌手,Singer
算数,Arithmetic
算定する,To Calculate
聞く,To Hear
新聞,Newspaper
日本語,Japanese Language
フランス語,French Language
スペイン語,Spanish Language
物語,Tale
主語,Subject
読む,To Read
読み方,Reading
鳴く,To Make An Animal Sound
線,Line
横,Side
調子,Condition
強調,Emphasis
調べる,To Investigate
親,Parent
親しい,Intimate
親切,Kind
親友,Close Friend
頭,Head
顔,Face
顔付き,Expression
病気,Sick
〜病,Disease
病人,Sick Person
最も,The Most
最高,The Best
最後,Last
最近,Recent
四十二,Forty Two
争う,To Compete
戦争,War
競争,Competition
仲間,Companion
仲,Relationship
仲直り,Reconciliation
仲良し,Good Friend
伝える,To Transmit
共通点,Common Point
共同,Cooperation
公共,Public
共有,Shared
好き,Like
友好,Friendship
成る,To Become
成功,Success
老人,Old Person
〜位,Rank
一位,First Place
首位,First Place
低い,Low
最低,The Lowest
初回,The First Time
最初,The First
別の,Separate
別に,Not Particularly
別人,Different Person
別々,Separately
特別,Special
利く,To Work Well
便利,Convenient
努力,Great Effort
労働,Manual Labor
苦労,Hardship
労働者,Laborer
命,Life
運命,Fate
命令,Order
海岸,Seashore
放す,To Release
開放する,To Open Something Up
昔,Long Ago
電波,Reception
注ぐ,To Pour
注意,Caution
注文,Order
集中する,To Concentrate
育つ,To Be Raised
教育,Education
拾う,To Pick Something Up
指す,To Point
指,Finger
小指,Little Finger
指定する,To Appoint
洋風,Western Style
洋服,Clothes
太平洋,Pacific Ocean
洋食,Western Food
洋室,Western Style Room
神,God
神道,Shinto
神社,Shinto Shrine
秒,Second
高級,High-Class	
初級,Beginner Level
中級,Intermediate Level
上級,Advanced Level
追う,To Chase
戦い,Battle
作戦,Tactics
戦車,Tank
戦場,Battlefield
競う,To Compete
良い,Good
仲良く,Friendly
特に,Especially
不便,Inconvenient
便所,Toilet
働く,To Work
意見,Opinion
意味,Meaning
味,Taste
勉強,Studies
家庭,Family
庭,Garden
息,Breath
息子,Son
利息,Interest
旅,Trip
旅行,Trip
根,Root
根本,Root
屋根,Roof
根気,Patience
大根,Daikon
流す,To Flush Something
流行,Trend
一流,First Rate
本流,Mainstream
消す,To Extinguish Something
〜倍,Times
二倍,Double
店員,Shop Staff
全員,All Members
社員,Employee
会社員,Company Employee
広島,Hiroshima
祭,Festival
文章,Writing
第二章,Chapter Two
第一,The First
第一位,First Place
東京都,Tokyo Metropolis
京都,Kyoto
動く,To Move
動物,Animal
運動,Exercise
商売,Business
商人,Merchant
悪い,Bad
悪人,Bad Person
悪女,Evil Woman
最悪,The Worst
家族,Family
民族,Ethnic Group
血族,Blood Relative
深い,Deep
深夜,Middle Of The Night
水深,Water Depth
最深,Deepest
球,Sphere
野球,Baseball
童話,Children's Story
太陽,Sun
一階,First Floor
二階,Second Floor
四十二階,Forty Second Floor
寒い,Cold
悲しい,Sad
暑い,Hot Weather
期待,Expectation
学期,School Term
時期,Time
植物,Plant
歯医者,Dentist
虫歯,Cavity
歯,Tooth
温かい,Warm
温泉,Hot Springs
温度,Temperature
空港,Airport
茶の湯,Tea Ceremony
湯気,Steam
登る,To Climb
登山,Mountain Climbing
着る,To Wear
着く,To Arrive
着物,Kimono
下着,Underwear
水着,Swimsuit
短い,Short
短刀,Short Sword
短期,Short Period
泉,Spring
人口,Population
子牛,Calf
切手,Postage Stamp
引き分け,Tie
亡くなる,To Pass Away
人生,One's Life
男の子,Boy
毛虫,Caterpillar
下町,Downtown
小文字,Lowercase Letters
男の人,Man
年,Year
今まで,Until Now
冬休み,Winter Holiday
毛糸,Wool Yarn
今すぐ,At Once
出来る,To Be Able To Do
方言,Dialect
人形,Doll
外来語,Foreign Word
手作り,Handmade
東京,Tokyo
合う,To Suit
風,Wind
当て字,Phonetic Kanji
次々,One After Another
向こう,Over There
曲がる,To Be Bent
南米,South America
全米,All America
南口,South Exit
思い出,A Memory
近づく,To Get Close
思い出す,To Remember
大学生,University Student
言い方,Way Of Saying
先回り,Arriving Ahead
早口,Fast Talker
足りない,Not Enough
年上,Older
世の中,Society
代わり,Substitute
今年,This Year
代える,To Replace Something
年下,Younger
近々,In The Near Future
青空,Blue Sky
小学生,Elementary School Student
作り方,How To Make
中学生,Middle School Student
不人気,Unpopular
見直す,To Reevaluate
全く,Completely
長さ,Length
安売り,Sell Cheaply
この前,The Other Day
東口,East Exit
お知らせ,Notice
名前,Name
出来上がる,To Be Finished
曲げる,To Bend
交じる,To Be Mixed
走り回る,To Run Around
当てる,To Guess
交わる,To Intersect
化ける,To Transform Oneself
回す,To Turn Something
小学校,Elementary School
通り,Avenue
気を付けて,Be Careful
新しい,New
高校生,High School Student
中学校,Middle School
付く,To Be Attached
見付ける,To Find
弱虫,Weakling
弱々しい,Weak Looking
欠ける,To Get Chipped
目医者,Eye Doctor
一番目,First Thing
仕返し,Getting Even
高さ,Height
楽しみ,Looking Forward To
〜向け,Made For
研究所,Research Institute
近道,Shortcut
助かる,To Be Helped
間に合う,To Be In Time For
返る,To Be Returned
楽しむ,To Enjoy Something
決まる,To Be Decided
投げ付ける,To Throw Against
化かす,To Bewitch
話,Story
向く,To Turn Toward	
知り合い,Acquaintance
乗り場,Bus Stop
使い方,How To Use
仕事,Job
名,Name
負け犬,Loser
待ちぼうけ,Stood Up
勝ち,Victory
決定する,To Decide
出会う,To Meet By Chance
苦しむ,To Suffer
気付く,To Realize
見送る,To See Off
時々,Sometimes
受付,Receptionist
買い物,Shopping
苦手,Hard To Deal With
白黒,Black And White
酒好き,Drinker
酒飲み,Boozer
鳴き声,Animal Cry
飲み物,Beverage
聞こえる,Hearable
心配事,Cares
音読み,Chinese Reading
東,East
返す,To Return Something
想像する,To Imagine
映像,Footage
画像,Image
一億,One Hundred Million
一億円,One Hundred Million Yen
億,Hundred Million
問題,Problem
疑問,Doubt
器,Container
器用,Dextrous
楽器,Musical Instrument
食器,Tableware
力士,Sumo Wrestler
宿題,Homework
新宿,Shinjuku
事情,Circumstances
人情,Human Feelings
情け,Pity
感情,Feeling
予想,Expectation
回想,Reminiscence
思想,Ideology
五感,The Five Senses
同感,Sympathy
飲み会,Drinking Party
運転手,Driver
落ち葉,Fallen Leaves
父親,Father
母親,Mother
三番目,Third Thing
見返る,To Look Back At
話し方,Way Of Speaking
転ぶ,To Fall Over
集まる,To Come Together
落とす,To Drop Something
終わり,The End
終電,Last Train
開く,To Open
起こる,To Occur
心配する,To Worry
心配,A Worry
鳴る,To Ring
歌う,To Sing
勝手,As One Pleases
初めに,Beginning
初めて,For The First Time
神風,Kamikaze
手伝う,To Help
左利き,Left Handed
体育,PE Class
右利き,Right Handed
好む,To Be Fond Of
育てる,To Bring Up
追い付く,To Catch Up With
戦う,To Fight
追いかける,To Pursue
注文する,To Order
大好き,Really Like
伝わる,To Be Transmitted
放れる,To Be Released
待合室,Waiting Room
感じ,Feeling
感じる,To Feel
感動する,To Be Emotionally Moved
感心,Admiration
感想,Impressions
感謝,Thanks
整然,Orderly
入館料,Admission Fee
料金,Fee
映る,To Be Reflected
映画,Movie
映画館,Movie Theater
暗い,Dark
暗殺,Assassination
暗記,Memorization
〜様,Formal Name Ender
様々,Various
皆様,Everyone
目標,Goal
橋,Bridge
殺す,To Kill
殺人,Murder
自殺,Suicide
全然,Entirely
当然,Natural
自然,Nature
情熱,Passion
熱,Fever
熱い,Hot Thing
熱心,Enthusiasm
皆さん,Everyone
福島,Fukushima
緑,Green
緑色,Green
練習,Practice
詩,Poem
詩人,Poet
詩歌,Poetry
課長,Section Manager
謝る,To Apologize
賞金,Cash Prize
車輪,Tire
輪,Ring
選ぶ,To Choose
選手,Pro Athlete
水銀,Mercury
銀,Silver
銀色,Silver
銀行,Bank
鏡,Mirror
〜放題,As Much As You Want
話題,Topic
お願いします,Please Help Me
心願,Heartfelt Desire
養う,To Foster
養子,Adopted Child
旅館,Japanese Inn
本館,Main Building
駅,Station
駅前,Front Of Station
駅員,Train Station Employee
駅長,Station Master
里,Hometown
里心,Homesick
都合,One's Convenience
消しゴム,Eraser
悪気,Evil Intent
山登り,Mountain Climbing
流行語,Popular Phrase
流行歌,Popular Song
例外,Exception
一例,Instance
例えば,For Example
例文,Example Sentence
悪例,Bad Example
協会,Association
協力,Cooperation
参る,To Come
一周,One Time Around
周囲,Perimeter
周年,Anniversary
囲む,To Surround
雰囲気,Atmosphere
固い,Hard
頑固,Stubborn
基本,Foundation
四季,The Four Seasons
完了,Completion
完全,Complete
完成,Completion
念願,Heart's Desire
残念,Too Bad
人性,Human Nature
女性,Female
性病,Sexually Transmitted Disease
男性,Male
技,Technique
技能,Skill
特技,Specialty
折る,To Fold Something
折角,With Trouble
骨折,Broken Bone
失望,Disappointment
望み,Wish
望む,To Wish
願望,Desire
取材,Covering An Event
木材,Wood
材料,Ingredients
材木,Lumber
束,Bundle
約束,Promise
松,Pine
松葉,Pine Needle
人格,Character
合格する,To Pass A Test
性格,Personality
格好,Shape
骨格,Skeleton
残り,Remainder
残る,To Remain Behind
残業,Overtime
求める,To Want Something
求人,Job Posting
心理,Mental State
料理,Cooking
〜的,-al
日本的,Very Japanese
目的,Purpose
私,I
私生活,Personal Life
私立,Private
私鉄,Private Railway
予約,Reservation
約,About
約束する,To Promise
才能,Talent
能力,Ability
芸能界,Show Business
芸人,Comedian
芸者,Geisha
芸術,Art
美術,Fine Art
骨,Bone
仏,Buddha
仏教,Buddhism
大仏,Giant Buddha Statue
信じる,To Believe
自信,Confidence
信号,Traffic Light
信心,Faith
信用,Trust
不信,Distrust
返信,Reply
勇気,Courage
区,District
区分,Division
地区,District
単に,Simply
単語,Word
上司,Boss
坂,Slope
変,Strange
変人,An Eccentric
変化,Change
変死,Unnatural Death
大変,Serious
事変,Incident
夫,Husband
岩,Boulder
帰る,To Return Home
建てる,To Build
建築,Architecture
式,Ceremony
春,Spring
春休み,Spring Break
昨今,These Days
昨日,Yesterday
昼,Noon
晩,Night
今晩は,Good Evening
毎晩,Every Night
晴れる,To Clear Up
毒,Poison
中毒,Poisoning
有毒,Poisonous
食中毒,Food Poisoning
毒ガス,Poison Gas
方法,Method
文法,Grammar
不法,Illegal
泣く,To Cry
浅い,Shallow
猫,Cat
子猫,Kitten
秋,Autumn
新築,Newly Built
世紀,Century
紀元後,Common Era
英語,English Language
英会話,English Conversation
英文,English Writing
英国,Britain
英和,English Japanese
時計,Watch
合計,Total
計画,Plan
計算,Calculation
軍人,Soldier
海軍,Navy
飯,Meal
ご飯,Meal
悲しむ,To Be Sad About
落ち着く,To Calm Down
仮面,Mask
係わる,To Be Involved
保守的,Conservative
保存,Preservation
保持,Keep
保険,Insurance
保証,Guarantee
生保,Life Insurance
保つ,To Preserve Something
仏像,Statue Of Buddha
古典的,Classical
仏典,Buddhist Scriptures
字典,Character Dictionary
事典,Encyclopedia
冒険,Adventure
冗談,Joke
危険,Risky
危ない,Dangerous
取る,To Take
下品,Crude
作品,A Work
品,Article
新品,Brand New
商品,Merchandise
喜ぶ,To Rejoice
公園,Public Park
園,Garden
存じる,To Know
生存,Existence
守る,To Protect
留守,Absence
真実,Truth
専門,Specialty
不幸,Unhappiness
幸せ,Happiness
政府,Government
弁当,Bento
東京弁,Tokyo Dialect
〜弁,Dialect
急ぐ,To Hurry
急に,Suddenly
急死,Sudden Death
急行,Express
政治,Politics
書く,To Write
残品,Unsold Merchandise
治す,To Cure
全治,Complete Recovery
不治,Incurability
明治,Meiji Era
浴びる,To Bathe In
日光浴,Sunbathe
特急,Limited Express Train
留学,Study Abroad
写真,Photo
真っ黒,Pitch Black
幸福,Happiness
笑う,To Laugh
笑顔,Smile
ゴミ箱,Garbage Can
箱,Box
荷物,Luggage
証,Evidence
証人,Witness
証言,Testimony
私自身,Personally
辞書,Dictionary
辞める,To Quit
お世辞,Flattery
遠い,Far
入門,Admission
関する,To Be Related To
関係,Connection
阪神,Hanshin
前面,Front
地面,Ground
外面,External Appearance
画面,Screen
面,Surface
面白い,Interesting
図書館,Library
消化する,To Digest
消える,To Disappear
気持ち悪い,Bad Feeling
流れる,To Stream
動かす,To Move Something
着ける,To Put On
勉強する,To Study
旅行する,To Travel
温める,To Heat Something Up
起こす,To Wake Someone Up
旅行者,Traveler
悪口,Bad-Mouthing
不良,Bad
不器用,Clumsy
お願い,A Request
飲み放題,All You Can Drink
食べ放題,All You Can Eat
良好,Good
人殺し,Murder
殺人者,Murderer
指輪,Ring
輪ゴム,Rubber Band
整理する,To Arrange
整理,Arrangement
暗記する,To Memorize
練習する,To Practice
映す,To Project
料理人,A Cook
芸術家,Artist
自動,Automatic
自動的,Automatic
基本的,Fundamental
折り目,Fold
卒業,Graduation
卒業式,Graduation Ceremony
不完全,Incomplete
美術館,Museum
折り紙,Origami
私立大学,Private College
希望,Hope
希望する,To Wish
技術,Technique
妥協する,To Compromise
妥協,Compromise
要求,Demand
要求する,To Demand Something
消化,Digestion
消化不良,Indigestion
不合格,Fail A Test
卒業する,To Graduate
残す,To Leave Behind
固める,To Make Something Hard
変事,Unexpected Incident
建築家,Architect
紀元前,Before The Common Era
朝ご飯,Breakfast
イギリス人,British Person
泣き虫,Crybaby
泣き声,Crying
晩ご飯,Dinner
昼ご飯,Lunch
願い事,One's Wish
同期中,Syncing
寺,Temple
期待する,To Expect
回転ずし,Rotating Sushi
回転する,To Rotate
証明,Proof
曜日,Day Of The Week
気持ちいい,Good Feeling
運,Luck
関西,Kansai
大阪,Osaka
右側,Right Side
左側,Left Side
内側,Inside
外側,Outside
両側,Both Sides
東側,East Side
西側,West
兵員,Military Personnel
兵器,Arms
兵士,Soldier
米兵,US Soldier
原因,Cause
原子,Atom
原作,Original Work
内因,Internal Cause
主因,Main Cause
悪因悪果,Evil Breeds Evil
食堂,Cafeteria
塩,Salt
塩水,Salt Water
塩味,Salty Taste
官金,Government Funds
外交官,Diplomat
察する,To Guess
察知,Inference
席,Seat
欠席,Absence
出席,Attendance
空席,Open Seat
常に,Always
日常,Everyday Life
常識,Common Sense
干す,To Dry Something
干天,Dry Weather
干渉,Interference
幻,Illusion
幻覚,Hallucination
幻想,Fantasy
底,Bottom
心底,Bottom Of One's Heart
川底,Riverbed
建つ,To Be Built
建物,Building
建前,Public Behavior
恋,Love
失恋,Heartbreak
愛,Love
愛国心,Patriotism
恋愛,Love
自愛,Self Love
性愛,Sexual Love
愛知県,Aichi Prefecture
敗れる,To Be Defeated
失敗,Failure
勝敗,Victory Or Defeat
敗者,Loser
是非,Absolutely
果物,Fruit
結果,Result
栄える,To Flourish
光栄,Honor
栄光,Glory
梅,Ume
梅酒,Ume Wine
交渉,Negotiation
無力,Powerless
無休,No Holidays
無名,Anonymous
無事,Safe And Sound
無知,Ignorance
無茶,Irrational
無料,Free
細い,Thin
結局,After All
署名,Signature
薬,Medicine
薬学,Study Of Pharmacy
薬方,Prescription
薬物,Medicines
薬用,Medicinal
虚栄心,Vanity
虚弱,Weak
自覚,Self-Awareness
感覚,Sense
説明,Explanation
小説,Novel
伝説,Legend
仮説,Hypothesis
図説,Illustration
知識,Knowledge
意識,Consciousness
警察,Police
非常,Emergency
鼻,Nose
鼻くそ,Snot
鼻先,Tip Of The Nose
鼻歌,Humming
鼻血,Nosebleed
上品,Elegant
大阪弁,Osaka Dialect
関西弁,Kansai Dialect
土曜日,Saturday
日曜日,Sunday
月曜日,Monday
木曜日,Thursday
水曜日,Wednesday
留学生,Exchange Student
お笑い,Comedy
手荷物,Hand Baggage
証明書,Certificate
笑い,A Laugh
借用,Borrowing
借りる,To Borrow
借金,Debt
借家,Rented House
僧院,Temple
仏僧,Buddhist Priest
切り取る,To Cut Off
取り出す,To Pick Out
取り分け,Especially
取れる,To Come Off
取り決め,Arrangement
文句,Complaint
禁句,Taboo Word
可愛い,Cute
許可,Permission
可分,Divisible
不可欠,Indispensable
告白,Confession
告げる,To Announce
広告,Advertisement
予告,Advance Notice
公告,Public Notice
報告,Report
喫煙,Smoking
喫茶店,Cafe
情報,Information
予報,Forecast
報じる,To Report On
報道,News Report
お守り,Charm
留守番,Caretaker
正座,Seiza
座禅,Zen Meditation
座席,Seat
銀座,Ginza
駅弁,Train Station Bento
弓,Bow
弓道,Archery
忘れる,To Forget
忘年会,Year End Party
下書き,Rough Draft
書き入れる,To Write In
書き方,Penmanship
書き直す,To Rewrite
何枚,How Many Flat Objects
枚数,Number Of Sheets
五枚,Five Flat Objects
洗う,To Wash
洗車,Car Wash
洗練,Refinement
皿洗い,Dishwashing
焼く,To Bake
日焼け,Sunburn
焼き鳥,Grilled Chicken
焼き肉,Grilled Meat
夕焼け,Sunset
煙,Smoke
黒煙,Black Smoke
祈る,To Pray For
祈念,Prayer
祈願,Prayer
禁煙,No Smoking
禁止,Forbidden
禅寺,Zen Temple
禅僧,Zen Priest
私大,Private College
人種,Race Of People
等しい,Equal
等号,Equal Sign
一等,First Class
不等,Inequality
訓練,Training
胸,Chest
脳,Brain
脳死,Brain Death
脳みそ,Brains
洗脳,Brainwashing
二枚舌,Forked Tongue
落書き,Graffiti
葉書,Postcard
訓読み,Kun'yomi
教訓,Lesson
許す,To Permit
試みる,To Try To Do Something
試す,To Try Something Out
試合,Game
試食,Food Sample
友達,Friend
配達する,To Deliver
達人,Master
伝達,Transmission
静か,Quiet
静止,Still
平静,Calm
人類,Mankind
分類,Classification
種類,Kind
親類,Relatives
体験,Experience
受験,Taking An Exam
実験,Experiment
試験,Examination
乱れる,To Be In Disorder
乱戦,Melee
混乱,Confusion
乱交,Orgy
〜冊,Book Counter
三冊,Three Books
八冊,Eight Books
一冊,One Book
別冊,Separate Volume
いい加減,Irresponsible
原子力,Nuclear Power
改善,Improvement
善悪,Good And Evil
集団,Group
入団,Enrollment
困る,To Be Distressed
季節,Season
宇宙,Outer Space
警官,Police Officer
内容,Contents
容疑,Suspicion
形容詞,Adjective
履歴書,Personal History
履く,To Put On Shoes
若布,Wakame
布,Cloth
財布,Wallet
布団,Futon
毛布,Blanket
生徒,Student
仏教徒,Buddhist
信徒,Believer
得る,To Acquire
得,Benefit
得意,Good At
説得,Persuasion
忙しい,Busy
恋人,Lover
改まる,To Be Renewed
改正,Revision
大失敗,Total Failure
昆布,Konbu
易しい,Easy
容易,Ease
暴れる,To Act Violently
暴力,Violence
乱暴,Violent
暴走,Run Wild
梅干し,Pickled Plums
歴史,History
学歴,Academic History
比べる,To Compare
比例,Proportion
対比,Contrast
混ぜる,To Mix Something
混ざる,To Get Mixed
減る,To Decrease
減法,Subtraction
節句,Seasonal Festival
絡む,To Be Entangled
続く,To Continue
続々,One After Another
舌,Tongue
猫舌,Aversion To Hot Foods
若い,Young
若者,Young Person
若々しい,Youthful
名詞,Noun
動詞,Verb
歌詞,Song Lyrics
助詞,Grammar Particle
数詞,Numeral
自動詞,Intransitive Verb
無意識,Unconsciousness
私財,Private Funds
借財,Debt
連続,Serial
連れる,To Take Along
財閥,Plutocrats
非常に,Very
非常口,Emergency Exit
順位,Ranking
順番,Order
大きい順,Decreasing Order
小さい順,Increasing Order
席順,Seating Order
年代順,Chronological Order
五十音順,Aiueo Order
余る,To Be In Surplus
余計,Unneeded
残余,Remainder
個人,Personal
一個,One Small Thing
個室,Private Room
三個,Three Small Things
倒す,To Knock Over
面倒,Trouble
倒産,Bankruptcy
借り手,Borrower
厚い,Thick
圧力,Pressure
血圧,Blood Pressure
指圧,Shiatsu
存在,Existence
現在,Present
実在,Reality
在外,Overseas
夢中,Crazy About
悪夢,Nightmare
夢,Dream
妨害,Obstruction
妨げる,To Obstruct
被る,To Put On A Hat
妻,Wife
夫妻,Husband And Wife
妻子,Wife And Kids
一夫多妻,Polygamy
嫌,Dislike
嫌い,Dislike
機嫌,Mood
嫌疑,Suspicion
留守番電話,Answering Machine
公害,Pollution
水害,Flood Damage
無害,Harmless
お尻,Butt
尻尾,Tail
弓矢,Bow And Arrow
忘れ物,Forgotten Item
機械,Machine
飛行機,Airplane
危機,Crisis
災い,Disaster
災害,Natural Disaster
火災,Fire Disaster
災難,Misfortune
震災,Earthquake Disaster
煙い,Smoky
犯す,To Commit A Crime
犯人,Criminal
共犯者,Accomplice
確率,Probability
比率,Percentage
産む,To Give Birth
確かに,Certainly
正確,Accurate
立入禁止,Do Not Enter
穴,Hole
穴場,Hole In The Wall
鼻の穴,Nostril
穴子,Conger Eel
経つ,To Pass
経験,Experience
経験者,Experienced Person
罪,Sin
有罪,Guilty
犯罪,Crime
臭い,Stinky
被害,Damage
余裕,Leeway
裕福,Wealthy
論文,Thesis
理論,Theory
論理,Logic
会議,Meeting
議論,Argument
不思議,Wonder
防止,Prevention
防ぐ,To Defend Against
防水,Waterproof
防火,Fire Prevention
予防,Prevention
困難,Hardship
非難,Criticism
難しい,Difficult
地震,Earthquake
震度,Earthquake Intensity
余震,Aftershock
人類学,Anthropology
飛ぶ,To Fly
果たして,Really
水兵,Navy Sailor
細かい,Detailed
警察署,Police Station
説明書,Written Explanation
汽車,Steam Train
汽船,Steam Ship
手洗い,Hand Washing
入学試験,Entrance Exam
書類,Document
胸焼け,Heartburn
不可分,Indivisible
笛,Flute
汽笛,Steam Whistle
口笛,Whistling
火曜日,Tuesday
金曜日,Friday
可能性,Possibility
音訓,On'yomi And Kun'yomi
人達,People
静々,Quietly
加える,To Add
参加,Participation
文句する,To Complain
焼ける,To Get Baked
電子機器,Electronic Device
連絡する,To Contact
意外,Unexpected
関心,Concern
開始,Start
発表,Announcement
表す,To Express Something
広がる,To Spread Out
曲線,Curve
出発,Departure
参加する,To Participate
参加者,Participant
警察官,Police Officer
乱す,To Put In Disorder
宇宙人,Alien
宇宙船,Spaceship
履き物,Footwear
説得する,To Persuade
混む,To Be Crowded
混じる,To Get Mixed Up In
混乱する,To Be Confused
減らす,To Decrease Something
続ける,To Continue Something
固有名詞,Proper Noun
保守主義,Conservative
他動詞,Transitive Verb
暴力団,Crime Syndicate
容疑者,Suspect
暴走族,Biker Gang
経済,Economy
いい加減にしろ,Cut It Out
手続き,Procedure
敵,Enemy
素敵,Lovely
大敵,Arch Enemy
無敵,Unrivaled
済む,To Come To An End
委員,Member Of A Committee
挙がる,To Be Raised
選挙,Election
判子,One's Seal
評判,Reputation
制服,Uniform
制度,System
強制,Compulsory
自制,Self Control
務める,To Work As
事務所,Office
義務,Obligation
任務,Duty
審査,Examination
総合,Overall
総理,Prime Minister
総体的,As A Whole
設ける,To Establish
設定する,To Set
公設,Public
建設,Construction
資本,Capital
資金,Funds
資料,Material
投資,Investment
人権,Human Rights
権利,A Right
女権,Women's Rights
条件,Condition
事件,Incident
派手,Showy
立派,High Class
岡山県,Okayama Prefecture
素晴らしい,Wonderful
素材,Raw Material
断る,To Refuse
判断,Judgment
評価,Evaluation
評論,Critique
書評,Book Review
批判,Criticism
任意,Optional
検査,Checkup
検問する,To Inspect
審判,Judgment
条約,Treaty
責める,To Blame
責任,Responsibility
省く,To Omit
反省,Reconsideration
増える,To Increase
増加,Increase
急増,Sudden Increase
増税,Tax Increase
税金,Tax
無税,Tax Free
解ける,To Be Solved
解決,Solution
理解,Comprehension
正解,Correct Answer
分解,Breakdown
実際,Actually
国際,International
際,Side
認める,To Acknowledge
確認,Confirmation
企てる,To Plan
企画,Plan
正義,Justice
主義,Ism
義理,Sense Of Duty
定義,Definition
圧倒する,To Overwhelm
高血圧,High Blood Pressure
存在する,To Exist
嫌味,Hurtful Words
機会,Opportunity
防犯,Crime Prevention
産業,Industry
被害者,Victim
寝る,To Sleep
昼寝,Nap
寝不足,Lack Of Sleep
寝坊,Oversleeping
過ぎる,To Pass
過去,Past
罰,Penalty
罰金,A Fine
罰ゲーム,Batsu Game
罰する,To Punish
誕生,Birth
脱ぐ,To Undress
脱線,Digression
脱字,Omitted Character
脱走する,To Escape
脱税,Tax Evasion
坊さん,Monk
赤ん坊,Baby
坊主,Buddhist Priest
宮,Imperial Palace
各々,Each
各〜,Each
各地,Each Area
各自,Each Person
案内,Guide
案外,Unexpectedly
置く,To Put Down
位置,Position
費用,Expense
消費,Consumption
社費,Company Expenses
価,Value
物価,Prices
地価,Land Value
勢い,Force
勢力,Influence
姿勢,Posture
大勢,Crowd
営む,To Run A Business
営業,Business
公営,Public
私営,Private
市営,Run By The City
官営,Government Management
県営,Run By The Prefecture
示す,To Indicate
指示,Instructions
公示,Public Announcement
大統領,President
伝統,Tradition
統合,Unification
受領書,Receipt
領域,Domain
領土,Territory
策,A Plan
政策,Policy
藤,Wisteria
副詞,Adverb
副業,Side Business
副題,Subtitle
値,Value
安値,Low Price
価値,Value
高値,High Price
観る,To View
観光,Sightseeing
観客,Audience
外観,External Appearance
主観,Subjective View
観念,Idea
姿,Figure
区域,Boundary
地域,Region
吸う,To Smoke
応じる,To Respond
一応,For Now
反応,A Reaction
提案,Proposition
提出,Submission
援助,Assistance
支援,Support
状況,Condition
状態,Condition
変態,Pervert
態と,On Purpose
態度,Attitude
失態,Blunder
賀状,New Year's Card
各駅停車,Local Train
確認する,To Confirm
済ます,To Finish Something
経済的,Economic
委員会,Committee
選挙する,To Elect
判断する,To Judge
責任感,Sense Of Responsibility
バス停,Bus Stop
停止,Stoppage
停電,Power Outage
吸血鬼,Vampire
吸収,Absorption
領収書,Receipt
収入,Income
年賀状,New Year's Card
革,Leather
革命,Revolution
皮革,Leather
無職,Unemployed
職場,Place Of Work
職業,Occupation
職員,Personnel
有職,Employed
求職,Job Hunting
辞職,Resignation
鬼,Demon
規則,Rule
規律,Rule
看護師,Nurse
弁護士,Attorney
保護する,To Conserve
教師,Teacher
医師,Doctor
法律,Law
律動,Rhythm
不文律,Unwritten Law
割る,To Divide
役割,Role
一割,Ten Percent
割合,Ratio
裁く,To Judge
裁判,Trial
崎,Cape
川崎,Kawasaki
長崎,Nagasaki
基準,Standard
反則,Foul
法則,Physical Law
備える,To Provide
準備,Preparation
導く,To Lead
指導,Guidance
幹,Tree Trunk
新幹線,Bullet Train
張る,To Stretch Over Something
優しい,Gentle
男優,Actor
優先,Priority
優勝,Victory
〜宅,House
自宅,One's Home
住宅,Dwelling
沢,Mountain Stream
贅沢,Luxury
施行,Enforcement
現れる,To Appear
表現,Expression
現実,Reality
現場,Scene
牛乳,Milk
乳首,Nipple
呼ぶ,To Call
城,Castle
俳優,Actor
俳句,Haiku
秀でる,To Excel
優秀,Superior
違い,Difference
違う,To Be Different
可燃ゴミ,Burnable Garbage
営業する,To Run A Business
伝統的,Traditional
誕生日,Birthday
寝坊する,To Oversleep
過去形,Past Tense
過ぎ,Too Much
対策,Counter Plan
価値観,Values
応援団,Rooting Section
規準,Criterion
法規,Laws
担ぐ,To Carry
担当,In Charge
負担,Burden
半額,Half Price
多額,Large Amount
年額,Annual Amount
月額,Monthly Amount
定額,Fixed Amount
残額,Remaining Amount
製品,Product
製作,Manufacturing
木製,Wooden
日本製,Made In Japan
中国製,Made In China
アメリカ製,Made In USA
自家製,Homemade
輸出,Export
輸血,Blood Transfusion
不燃ゴミ,Nonburnable Garbage
祝う,To Celebrate
祝日,National Holiday
届く,To Be Delivered
狭い,Narrow
肩,Shoulder
腕,Arm
腕時計,Wristwatch
腰,Waist
触る,To Touch Something	
触角,Antenna
感触,Touch
所載,Recorded
記載,Record
載る,To Be Placed On
一層,Much More
〜層,Layer Of
型,Model
典型的,Typical
原型,Prototype
都庁,Metropolitan Government Building
警視庁,Metropolitan Police Department
警察庁,National Police Agency
官庁,Government Office
無視する,To Ignore
視覚,Sense Of Sight
近視,Nearsightedness
遠視,Farsightedness
差す,To Shine At
差別,Discrimination
交差点,Intersection
時差,Time Difference
管,Pipe
管理,Management
血管,Blood Vessel
象,Elephant
対象,Target
現象,Phenomenon
気象,Weather
量る,To Measure
量,Quantity
大量,Large Quantity
定量,Fixed Quantity
境,Boundary
国境,National Border
境界,Boundary
環境,Environment
武器,Weapon
武道,Martial Arts
武士,Samurai
質,Quality
質問,Question
品質,Material Quality
良質,Good Quality
特質,Characteristic
述べる,To Mention
記述,Writing Down
上述,Above Mentioned
限界,Limit
限定,Limit
限度,Limit
限る,To Limit
時限,Time Limit
期限,Deadline
無限,Infinite
提供,Offer
供える,To Make An Offering
子供,Child
展示会,Trade Show
発展する,To Develop
展開,Unfolding
親展,Confidential
販売,Sales
自動販売機,Vending Machine
通販,Mail Order
株,Stock
株式,Stock
吸収する,To Absorb
割れる,To Be Divided
割引,Discount
準備する,To Prepare
頑張る,To Persevere
抜く,To Pull Something Out
捕まる,To Be Caught
模型,Plastic Model
与える,To Give
賞与金,Bonus
含む,To Include
含意,Implication
影,Shadow
不況,Recession
渡る,To Cross
渡す,To Hand Over
響く,To Echo
影響,Influence
票,Ballot
投票する,To Vote
光景,Scene
景況,Business Climate
景観,Landscape
全景,Complete View
前景,Foreground
訴える,To Sue
告訴,Accusation
訴訟,Lawsuit
逮捕,Arrest
補う,To Supplement
候補者,Candidate
気候,Climate
天候,The Weather
時候,Seasonal Climate
構う,To Care About
構成,Composition
結構,Fine
模様,Pattern
規模,Scale
新鮮,Fresh
鮮やか,Vivid
鮮魚,Fresh Fish
効く,To Be Effective
効果,An Effect
効率,Efficiency
効力,Effectiveness
所属,Affiliation
属する,To Belong To
金属,Metal
慣れる,To Become Accustomed To
習慣,Custom
豊か,Rich
豊満,Plump
満足,Satisfied
満月,Full Moon
満員,Full House
満点,Perfect Score
肥満,Obesity
肥料,Manure
巻く,To Roll
一巻,One Volume
下巻,Last Volume
上巻,First Volume
二巻,Second Volume
捜す,To Search For
捜査,Criminal Investigation
絞殺,Murder By Strangling
絞る,To Wring Out
先輩,Senior
後輩,Junior
年輩,Elderly Person
隠す,To Hide Something
隠居,Retirement
掛ける,To Hang Something
替える,To Replace
替わる,To Be Replaced
不可能,Impossible
可能,Possible
非難する,To Criticize
大嫌い,Hate
倒れる,To Get Knocked Over
飛ばす,To Let Something Fly
確かめる,To Make Sure Of
面倒臭い,Troublesome
気温,Temperature
前回,Last Time
時代,Period
〜務省,Ministry Of
経済学,Economics
検査する,To Examine
挙げる,To Raise Something
理解する,To Understand
批判する,To Criticize
増やす,To Increase Something
解く,To Solve
断つ,To Cut Off
施設,Institution
総理府,Prime Minister's Office
朝寝坊,Late Riser
営業中,Open For Business
置き場,Place To Put Something
主観的,Subjective
援助する,To Assist
応援する,To Root For
応援,Support
副大統領,Vice President
提案する,To Propose
支援する,To Support
観光客,Tourist
女優,Actress
革命家,Revolutionary
革ジャン,Leather Jacket
長崎県,Nagasaki Prefecture
本当,Reality
本当に,Really
呼ばれる,To Be Called
現す,To Show
景色,Scenery
宿,Lodging
間違い,A Mistake
載せる,To Place On Something
気象庁,Weather Agency
居る,To Exist
構造,Structure
再び,Again
再来月,Month After Next
再来年,Year After Next
再来週,Week After Next
再開,Reopening
再建,Rebuilding
再度,Again
刺激,Stimulation
刺す,To Stab
名刺,Business Card
創造,Creation
独創,Original Creation
創立,Establishment
激励,Strong Encouragement
励ます,To Encourage Someone
占い,Fortune Telling
占める,To Occupy
独占,Monopoly
印,Mark
第一印象,First Impression
届ける,To Deliver
差別する,To Discriminate
人差し指,Index Finger
差し上げる,To Give
往復,Round Trip
従う,To Obey
従業,Engaging In Work
従来,Up To Now
復習,Review
回復,Recovery
特徴,Characteristic
象徴,Symbol
怪しい,Suspicious
怪事件,Strange Mystery
怪談,Ghost Story
我,I
無我,Selflessness
担う,To Take Responsibility
振る,To Shake Something
振動,Vibration
不振,A Slump
授業,Lesson
教授,Teaching
直接,Direct
間接,Indirect
面接,Interview
故に,Therefore
事故,Accident
故障,Malfunction
故意,Intentional
株式会社,Corporation
株式市場,Stock Market
比較,Comparison
汗,Sweat
汗臭い,Sweaty-Smelling
河,River
河童,Kappa
氷河,Glacier
運河,Canal
河豚,Fugu
激しい,Intense
燃える,To Burn
燃え付く,To Catch Fire
独り,Alone
独身,Single
独特,Unique
独立,Independence
独学,Self Study
獣,Beast
怪獣,Giant Monster
獣医,Veterinarian
獣類,Beasts
野獣,Wild Beast
突く,To Stab
突然,Suddenly
筆,Writing Brush
鉛筆,Pencil
管理人,Superintendent
お菓子,Snack Foods
触れる,To Touch
検討する,To Examine
討論,Debate
お誕生日おめでとう,Happy Birthday
豚,Pig
豚肉,Pork
自販機,Vending Machine
限定販売,Exclusive Sale
貯える,To Save
貯金,Savings
輸入,Import
輸出する,To Export
造る,To Construct
製造,Manufacturing
造園,Landscape Gardening
改造,Remodeling
人造,Man Made
酒造,Brewing
気違い,Crazy
人違い,Mistaken Identity
読み違い,Misreading
大違い,Big Difference
針医,Acupuncturist
針金,Wire
秒針,Second Hand
鉛,Lead
鉛管,Lead Pipe
鉛毒,Lead Toxicity
障る,To Irritate
障子,Shoji Screen
障害,Disability
保障,Security
過ごす,To Pass Time
郵便,Mail
腰抜け,Coward
抜ける,To Come Out
捕える,To Catch
掛かる,To Be Hung
隠れる,To Be Hidden
値段,Price
健康,Health
健忘症,Amnesia
効果的,Effective
就く,To Get A Position
就職,Finding Employment
就業,Working
退屈,Boring
巨大,Huge
巨人,A Giant
巻きずし,Rolled Sushi
春巻き,Spring Rolls
頑張れ,Do Your Best
怒る,To Get Angry
怒鳴る,To Shout At
悩み,A Worry
悩む,To Worry
惑う,To Be At A Loss
迷惑,Trouble
誘惑,Seduction
見抜く,To See Something's True Nature
間抜け,Idiot
抜き出す,To Pull Something Out	
招く,To Beckon
招待する,To Invite
手掛かり,Clue
昇る,To Ascend
昇進,Job Promotion
暇,Spare Time
休暇,Vacation
両替,Change Money
取り替える,To Replace
着替え,Change Of Clothes
究極,Ultimate
極める,To Reach The Peak Of Something
極楽,Paradise
南極,Antarctica
構え,Stance
結構です,No Thank You
お構いなく,Don't Mind Me
大規模,Large Scale
小規模,Small Scale
階段,Stairs
段々,Gradually
段階,Stage
第一段,The First Step
濃い,Dense
濃度,Density
〜症,Syndrome
症状,Symptom
不眠症,Insomnia
痛い,Painful
頭痛,Headache
眠い,Sleepy
睡眠,Sleep
端,Edge
先端,Tip
中途半端,Half Finished
極端,Extreme
給料,Salary
給与,Salary
供給,Supply
減給,Pay Cut
昇給,Pay Raise
締結する,To Conclude
締める,To Tighten
組織,Organization
織る,To Weave
胃痛,Stomachache
腹,Belly
お腹,Belly
腹立つ,To Get Mad
切腹,Seppuku
腹切り,Harakiri
訪ねる,To Visit
訪問,A Visit
誘う,To Invite
貸す,To Lend
貸し切り,Private Reservation
迫る,To Urge
圧迫,Pressure
迫害,Persecution
切迫,Urgency
迷う,To Get Lost
迷子,Lost Child
迷路,Maze
迷信,Superstition
退く,To Retreat
退院する,To Be Discharged
早退,Leave Early
途中,On The Way
逮捕する,To Arrest
野郎,Bastard
靴,Shoes
靴下,Socks
靴屋,Shoe Store
長靴,Rain Boots
悪影響,Bad Influence
隠居する,To Retire
居酒屋,Izakaya
矢印,Arrow
絶景,Spectacular View
並列,In A Row
並行,In Parallel
並ぶ,To Be Lined Up
並,Ordinary
修士,Master's Degree
修理,Repair
研修,Training
修辞学,Rhetoric
傘,Umbrella
傘立て,Umbrella Stand
同僚,Colleague
官僚,Bureaucrat
児童,Children
幼児,Children
冷たい,Cold
冷静,Cool Headed
冷凍庫,Freezer
凍る,To Freeze
凍死,Freeze To Death
凍結,Freezing
処理,Deal With
処分,Disposal
処置,Treatment
〜券,Ticket
旅券,Passport
前売り券,Advance Ticket
回数券,Book Of Tickets
刺身,Sashimi
創造力,Creative Power
創造的,Creative
博物館,Museum
博覧会,Exposition
博打,Gambling
星占い,Astrology
微妙,Not So Good
妙,Odd
妙薬,Wonder Drug
婦人,Lady
夫婦,Husband And Wife
主婦,Housewife
幼い,Childish
幼年時代,Childhood
庫,Warehouse
金庫,A Safe
車庫,Garage
回復する,To Recover
微か,Delicate
微生物,Microorganism
憲法,Constitution
憲政,Constitutional Government
無我夢中,Total Absorption
身振り,Gesture
振り仮名,Furigana
面接する,To Interview With
撃つ,To Shoot
攻撃,Attack
攻める,To Attack
専攻,Major
反攻,Counterattack
診断,Diagnosis
浜,Beach
横浜,Yokohama
清い,Pure
清潔,Clean
潔い,Pure
不潔,Filthy
独り言,Talking To Yourself
利益,Profit
有益,Beneficial
公益,Public Benefit
国益,National Interests
移す,To Shift
移民,Immigration
移住,Migration
移住者,Emigrant
程,Extent
程度,Degree
過程,Process
日程,Schedule
幼稚,Childish
精神,Spirit
精度,Precision
絶対,Absolutely
絶つ,To Break Off Contact
絶望,Despair
お菓子屋,Candy Store
大衆,General Public
衆議院,House Of Representatives
貯金箱,Savings Box
比較的,Comparatively
比較する,To Compare
逆,Reverse
逆効果,Opposite Effect
逆らう,To Go Against
逆説,Paradox
大間違い,Big Mistake
郵便局,Post Office
郵便番号,Post Number
郵便箱,Mailbox
録音,Sound Recording
登録,Registration
記録,Record
軍隊,Army
〜隊,Squad
兵隊,Soldier
入隊,Enlist In The Army
乾く,To Get Dry
乾季,Dry Season
乾杯,Kanpai
促す,To Urge
催促,Urge
催告,Notification
主催,Sponsorship
壊す,To Break Something
全壊,Complete Destruction
倒壊,Collapse
娘,Daughter
一人娘,Only Daughter
宗教,Religion
宗派,Sect
禅宗,Zen Sect
宴会,Banquet
宴,Banquet
不健康,Unhealthy
緊張,Stress
怒り,Anger
怖い,Scary
恐怖,Terror
恐怖症,Phobia
恐ろしい,Scary
一杯,One Cup
二杯,Two Cups
三杯,Three Cups
板,A Board
看板,Store Sign
見極める,To Get To The Bottom Of
極めて,Extremely
欧米,Europe And America
中欧,Central Europe
日欧,Europe And Japan
江戸,Edo
入り江,Inlet
添える,To Append
添付,Attachment
強烈,Strong
猛烈,Fierce
熱烈,Impassioned
猛〜,Fierce
略す,To Abbreviate
省略,Abbreviation
略語,Abbreviation
略図,Rough Sketch
大略,Summary
痛み,A Pain
痛み止め,Painkiller
痛む,To Be Painful
眠る,To Sleep
眠り薬,Sleeping Pills
睡眠薬,Sleeping Pills
積もる,To Accumulate
面積,Area
体積,Volume
検索,Lookup
索引,Index
緊急,Urgent
締切,Deadline
締まる,To Tighten
大臣,Minister
航法,Navigation
航空,Aviation
直航,Nonstop Flight
商店街,Shopping District
街道,Highway
診る,To Examine A Patient
診察,Medical Exam
詰める,To Stuff In
詰まる,To Be Stuffed
誘惑する,To Seduce
請求,Demand
請願,Petition
要請,Demand
請ける,To Take
貸し〜,Rental
道に迷う,To Get Lost
閣僚,Cabinet Ministers
閣議,Cabinet Meeting
英雄,Hero
韓国,South Korea
日韓,Japan And South Korea
魅力,Allure
並べる,To Line Something Up
乏しい,Scarce
欠乏,Lack
冷やす,To Chill Something
結婚,Marriage
求婚,Marriage Proposal
新婚旅行,Honeymoon
未婚,Unmarried
好奇心,Curiosity
奇数,Odd Number
奇妙,Strange
延ばす,To Prolong Something
延長,Prolonging
延期する,To Postpone
快い,Pleasant
快感,Pleasure
快速,High Speed
不快,Unpleasant
懐かしい,Nostalgic
押す,To Push
撮る,To Take A Picture
撮影,Photoshoot
盗撮,Secret Photography
診断する,To Diagnose
旗,Flag
白旗,White Flag
国旗,National Flag
背景,Background
更に,Furthermore
更生,Rehabilitation
更新,Renewal
変更,Alteration
枕,Pillow
浮く,To Float
浮世絵,Ukiyo-e
浮気,Affair
渇く,To Become Thirsty
漏水,Water Leakage
漏出,Leak
漏れる,To Leak
照らす,To Illuminate
照れる,To Feel Embarrassed
照明,Illumination
出版,Publishing
版権,Copyright
初版,First Edition
盗む,To Steal
強盗,Burglary
盗作,Plagiarism
盗品,Stolen Goods
幼稚園,Kindergarten
切符,Ticket
精一杯,With All One's Might
精神的,Spiritual
精神病,Mental Illness
〜系,Tribe
日系,Japanese Descent
太陽系,Solar System
体系的,Systematic
絶える,To Die Out
翌日,The Next Day
翌月,The Next Month
翌朝,The Next Morning
翌年,The Next Year
背,Height
一覧,A Look
ご覧,Look At
観覧,Viewing
詳しい,Detailed
詳細,Details
不詳,Unknown
貧しい,Poor
貧乏,Poor
購入,Purchase
購買,Purchasing
購読,Subscription
越える,To Go Beyond
越権,Overstepping Your Authority
逆さま,Upside Down
遊ぶ,To Play
遊園地,Amusement Park
適当,Appropriate
不適,Unsuitable
登録する,To Register
預ける,To Deposit
預金,Bank Deposit
飾る,To Decorate
服飾,Attire
電飾,Decorative Lighting
騒ぐ,To Make Noise
騒音,Noise
輸入する,To Import
内,Inside
我々,We
織物,Textile
直接的,Directly
怒気,Anger
腹が減った,Hungry
招き猫,Shop Window Cat
構える,To Set Up
訪れる,To Visit
航空券,Airplane Ticket
攻撃する,To Attack
先程,A While Ago
官僚的,Bureaucratic
鼻詰まり,Stuffy Nose
思い詰める,To Brood
見詰める,To Stare At
雄犬,Male Dog
絶やす,To Kill Off
緊張する,To Stress
融合,Fusion
融資,Financing
離れる,To Separate
離婚,Divorce
分離,Segregation
印鑑,Seal
壊れる,To Be Broken
壊れ物,Fragile Thing
既に,Already
既存,Existing
既決,Decided
普通,Normal
普段,Usual
編む,To Knit
編集,Edit
編者,Editor
外務大臣,Minister Of Foreign Affairs
総理大臣,Prime Minister
華やか,Showy
中華,Chinese
地下街,Underground Shopping Mall
豪華,Luxurious
監視,Observation
監督,Supervision
鑑定,Appraisal
除く,To Exclude
掃除,Cleaning
除外,Exception
尋ねる,To Inquire
尋問,Interrogation
幾ら,How Much
幾つ,How Many
幾何学,Geometry
廊下,Corridor
画廊,Picture Gallery
掃く,To Sweep
泥,Mud
泥水,Muddy Water
棒,Pole
驚く,To Be Surprised
驚嘆,Admiration
嘆く,To Lament
嘆息,Sigh
感嘆符,Exclamation Mark
倉庫,Storehouse
倉,Warehouse
子孫,Descendant
孫,Grandchild
巣,Nest
巣立ち,Leave The Nest
ハチの巣,Beehive
クモの巣,Spiderweb
帯,Obi
地帯,Zone
直径,Diameter
半径,Radius
経路,Route
救急車,Ambulance
救う,To Rescue
散る,To Be Scattered
散歩,A Stroll
解散,Dissolution
粉,Powder
麦粉,Wheat Flour
花粉症,Hay Fever
粉状,Powdered
人脈,Personal Connections
山脈,Mountain Range
血脈,Lineage
野菜,Vegetable
菜食,Vegetarian Diet
貨物,Freight
通貨,Currency
大陸,Continent
陸軍,Land Army
似る,To Resemble
真似,Imitation
平均,Average
均等,Equality
均整,Symmetry
墓,Grave
墓地,Cemetery
富士山,Mt Fuji
富む,To Be Rich In
富,Wealth
富裕,Wealthy
道徳,Morals
徳川,Tokugawa
徳島県,Tokushima Prefecture
探す,To Look For
探究,Research
探偵,Private Detective
内偵,Scouting
美味しい,Tasty
綺麗,Pretty
身,Body
移る,To Be Shifted
結婚式,Marriage Ceremony
押しボタン,Push Button
押入れ,Closet
出版する,To Publish
出版社,Publishing Company
貧乏人,Poor Person
冷える,To Be Chilled
結婚する,To Marry
撮影禁止,No Photos
照り焼き,Teriyaki
背中,One's Back
購読する,To Subscribe
迎える,To Pick Someone Up
大騒ぎ,Clamor
序文,Preface
順序,Sequence
志,Ambition
意志,Will
志望,Desire
恩人,Benefactor
恩賞,Reward
採る,To Gather
採用,Use
採決,Voting
採算,Profit
桜,Sakura
桜んぼ,Cherry
桜肉,Horse Meat
桜色,Pink
永遠,Forever
永久,Forever
液体,Liquid
血液,Blood
眼,Eye
眼球,Eyeball
老眼,Farsightedness
先祖,Ancestors
祖父,Grandfather
祖母,Grandmother
功績,Achievement
成績,Grades
興味,Interest
自衛,Self Defense
衛生,Hygiene
複雑,Complicated
衛星,Satellite
複数,Multiple
複写,Copying
雑音,Noise
雑費,Miscellaneous Expenses
酸っぱい,Sour
賛成,Agreement
酸素,Oxygen
銭,Coin
銭湯,Public Bath
飼う,To Keep A Pet
傷,Wound
傷める,To Damage Something
傷心,Heartbreak
傷者,Injured Person
自民党,Liberal Democratic Party
共産党,Communist Party
政党,Political Party
党員,Party Member
社会党,Socialist Party
卵,Egg
生卵,Raw Egg
ゆで卵,Boiled Egg
厳しい,Strict
厳禁,Strictly Forbidden
捨てる,To Throw Away
込む,To Get Into
密か,Secret
密会,Secret Meeting
密告,Secret Information
秘密,Secret
密輸,Smuggling
染める,To Dye
感染,Infection
伝染病,Contagious Disease
汚れる,To Get Dirty
汚染,Pollution
汚水,Dirty Water
汚点,Stain
欲しい,Wanted
欲求,Wants
肉欲,Carnal Desires
食欲,Appetite
暖かい,Warm
温暖,Warm
机,Desk
秘める,To Conceal
便秘,Constipation
簡易,Simple
訳,Reason
訳す,To Translate
訳者,Translator
訳語,Translated Term
通訳,Interpreting
英訳,English Translation
和訳,Japanese Translation
延長する,To Prolong
今更,Too Late
漏らす,To Leak Something
越す,To Go Beyond
浮かれる,To Be Happy
編集する,To Edit
掃除機,Vacuum Cleaner
散歩する,To Go For A Walk
華々しい,Gorgeous
除いて,Except
物真似,Impersonation
墓場,Graveyard
閉める,To Close Something
閉店,Store Closed
開閉,Opening And Closing
雑誌,Magazine
窓口,Ticket Window
窓,Window
否,No
否定,Denial
否決,Rejection
筋,Tendon
筋肉,Muscle
垂らす,To Dangle Something
垂直,Vertical
宝,Treasure
宝石,Jewel
国宝,National Treasure
宣伝,Propaganda
宣言,Proclamation
尊い,Revered
尊敬,Respect
忠実,Faithful
忠告,Advice
拡がる,To Extend
拡張,Enlargement
拡大,Zoom
操る,To Manipulate
操,Chastity
操作,Operation
体操,Calisthenics
敬語,Honorific
暮らす,To Live
野暮,Unrefined
灰,Ash
灰色,Gray
灰皿,Ashtray
熟れる,To Ripen
熟語,Compound Word
未熟,Unripe
成熟,Ripen
異なる,To Differ
異状,Abnormality
異性,Different Gender
異義,Different Meaning
天皇,Emperor Of Japan
皇太子,Crown Prince
皇族,Imperial Family
皇室,Imperial Family
盛る,To Heap Up
砂,Sand
砂糖,Sugar
砂漠,Desert
漠然,Vague
果糖,Fructose
無糖,Sugar Free
納める,To Supply
収納,Storage
納入,Payment
肺,Lung
肺がん,Lung Cancer
肺病,Lung Disease
著しい,Remarkable
著者,Author
著作,Writing
蒸れる,To Get Hot And Sticky
蒸気,Steam
蔵,Storehouse
冷蔵庫,Refrigerator
地蔵,Jizo
装い,Attire
装置,Equipment
変装,Disguise
服装,Attire
裏口,Back Door
裏切る,To Backstab
裏切り,Betrayal
裏通り,Alley
裏,Backside
諸君,Gentlemen
諸〜,Various
家賃,House Rent
賃貸,Rental
貨物船,Freighter
小麦粉,Wheat Flour
怖がる,To Be Scared
恐れる,To Fear
迷わす,To Lead Astray
積む,To Pile Things Up
主催する,To Sponsor
催促する,To Urge
泥棒,Robber
似合う,To Suit
驚かす,To Surprise
掃除する,To Clean
乾かす,To Dry Something
散らかす,To Scatter
離す,To Separate
複数形,Plural
了解,Comprehension
主,Owner
社会,Society
心臓,Heart
肺臓,Lung
内臓,Internal Organ
引っ越す,To Move
追い越す,To Overtake
祖父母,Grandparents
飼い主,Pet Owner
傷つく,To Get Hurt
傷つける,To Hurt Someone
使い捨て,Disposable
投げ捨てる,To Throw Away
込める,To Put In
申し込む,To Apply
飛び込み自殺,Suicide By Train
書き込む,To Write In
人込み,Crowd Of People
染み,Stain
染まる,To Be Dyed
汚す,To Make Dirty
言い訳,Excuse
詰め込む,To Stuff
歓迎,A Welcome
血液型,Blood Type
興味がない,No Interest
賛成する,To Agree
誤解,Misunderstanding
誤字,Typo
誤用,Misuse
誤算,Miscalculation
貴い,Valuable
兄貴,Older Brother
貴様,You
貴族,The Nobility
降る,To Fall
降参,Surrender
降車,Getting Off
牛丼,Beef Bowl
うなぎ丼,Eel Bowl
丼,Rice Bowl
吐く,To Puke
奴,Dude
奴隷,Slave
芋,Potato
焼き芋,Baked Sweet Potato
じゃが芋,Potato
縮まる,To Shrink
縮小,Reduction
単純,Simple
不純,Impure
純毛,All Wool
縦,Vertical
縦書,Vertical Writing
縦横,Length And Width
純粋,Pure
粋,Stylish
神聖,Holiness
聖書,Bible
聖日,Holy Day
聖地,Holy Land
磁気,Magnetism
磁石,Magnet
磁場,Magnetic Field
紅,Deep Red
紅茶,Black Tea
注射,Shot
反射,Reflection
発射する,To Launch
放射,Radiation
幕,Curtain
字幕,Subtitles
黒幕,Wirepuller
拝む,To Worship
拝見する,To Have A Look At
推定,Estimation
推理,Reasoning
推薦,Recommendation
自薦,Self Recommendation
薦める,To Recommend
発揮する,To Exhibit
指揮,Command
沿岸,Coast
沿海,Coastal Waters
沿線,Along The Train Line
沿う,To Run Alongside
源,Origin
源氏,Genji
電源,Power Source
震源地,Epicenter
劇,Drama
喜劇,Comedy
悲劇,Tragedy
劇的,Dramatic
劇団,Drama Troupe
劇場,Theater
歌劇,Opera
勤める,To Be Employed At
通勤,Commute
常勤,Full Time Employment
承る,To Humbly Hear
承知,Consent
承認,Approval
歓楽街,Pleasure Quarter
損なう,To Harm
損,Disadvantage
損害,Damage
大損,Heavy Loss
全損,Total Loss
枝,Branch
豆,Beans
小豆,Azuki Beans
納豆,Natto
腐る,To Rot
腐食,Corrosion
腐敗,Decomposition
爪,Claw
爪切り,Nail Clipper
刻む,To Carve
時刻表,Timetable
深刻,Serious
閉じる,To Close Something
一筋,Single Mindedly
垂れる,To Dangle
宣言する,To Proclaim
盛り上げる,To Heap Up
裏切り者,Traitor
諸々,Various
三つ編み,Braided Hair
閉まる,To Be Closed
宝くじ,Lottery
納まる,To Settle Into
納得,Being Convinced
否定形,Negative Form
否定する,To Deny
尊敬する,To Respect
尊敬語,Honorific Japanese
暮らし,Life
同音異義語,Homonym
著作権,Copyright
蒸し暑い,Hot And Humid
蒸し返す,To Rehash
装う,To Feign
遅れる,To Be Late
遅刻,Be Late
遅延,Delay
彫刻,Sculpture
測る,To Measure
推測,Conjecture
予測,Prediction
観測,Observation
破る,To Tear
破壊,Destruction
破船,Shipwreck
破産,Bankruptcy
田舎,Countryside
兵舎,Barracks
庁舎,Government Office Building
講演,Lecture
講師,Lecturer
講義,Lecture
滞る,To Be Overdue
遅滞,Delay
紹介,Introduction
介入,Intervention
己,Oneself
自己,Self
厄介,Troublesome
亀,Turtle
海亀,Sea Turtle
互い,Mutual
相互,Mutual
交互,Alternately
真剣,Serious
剣道,Kendo
寿司,Sushi
寿命,Lifespan
長寿,Long Life
喜寿,Seventy Seventh Birthday
福寿,Happiness And Longevity
彼,He
彼氏,Boyfriend
彼ら,They
恥ずかしい,Embarrassing
恥,Shame
杉,Cedar
果汁,Fruit Juice
汁,Soup
味噌,Miso
炎,Flame
炎症,Inflammation
為に,For
行為,Deed
有意,Significance
熊,Bear
熊本県,Kumamoto Prefecture
地獄,Hell
獄内,In Prison
入獄,Imprisonment
出獄,Release From Prison
脱獄,Escape From Prison
酔う,To Be Drunk
泥酔,Dead Drunk
酢,Vinegar
酢の物,Vinegared Food
鍋,Pot
湖,Lake
山中湖,Lake Yamanaka
青銅,Bronze
銅山,Copper Mine
銅像,Copper Statue
払う,To Pay
油,Oil
油断,Inattentiveness
油田,Oil Field
原油,Crude Oil
給油,Fueling
醤油,Shoyu
明日,Tomorrow
空車,Open Taxi
簡単,Simple
降りる,To Get Off
親子丼,Chicken And Egg Rice Bowl
吐き気,Nausea
吐き出す,To Spit Out
奴ら,Those Dudes
口紅,Lipstick
薦め,Recommendation
勤め,Work
電磁場,Electromagnetic Field
放射能,Radioactivity
指揮者,Conductor
源氏物語,Tale Of Genji
損害する,To Damage
枝豆,Edamame
豆腐,Tofu
旧姓,Former Surname
復旧,Restoration
姓名,Full Name
貿易,Trade
甘い,Sweet
甘く見る,To Not Take Seriously
甘党,Sweet Tooth
将来,Future
将軍,Shogun
大将,General
主将,Commander
同盟,Alliance
連盟,League
盟約,Pledge
遺産,Inheritance
遺失,Loss
遺伝,Heredity
遺体,Corpse
伸びる,To Grow Longer
債券,Bond
債権,Credit
国債,National Debt
及ぶ,To Reach
普及,Diffusion
及第,Make The Grade
奈良,Nara
神奈川県,Kanagawa Prefecture
幅,Width
廃止,Abolition
廃れる,To Become Obsolete
廃絶,Abolition
変える,To Change Something
換気,Ventilation
変換,Conversion
摘む,To Pluck
指摘,Pointing Out
摘発する,To Unmask
核,Nucleus
核兵器,Nuclear Weapons
核実験,Nuclear Test
沖合,Open Sea
縄,Rope
縄文,Jomon
津波,Tsunami
献血,Blood Donation
献金,Donation
医療,Medical Treatment
治療,Medical Therapy
継父,Stepfather
継ぐ,To Inherit
継承,Succession
維持,Maintenance
維新,Restoration
舞台,Stage
舞う,To Dance
歌舞伎,Kabuki
舞踏,Dancing
踏む,To Step On
一般,General
超〜,Ultra
超自然的,Supernatural
超音速,Supersonic Speed
超音波,Ultrasonic Wave
頼む,To Ask For
信頼,Reliance
依頼,Request
依存,Dependence
馬鹿,Idiot
鹿児島県,Kagoshima Prefecture
鹿,Deer
承諾,Consent
受諾,Acceptance
許諾,Permission
諾否,Consent Or Refusal
象牙,Ivory
牙,Fang
降参する,To Surrender
一人暮らし,Living Alone
彼女,She
恥知らず,Shameless Person
試験地獄,Exam Hell
船酔い,Seasickness
〜鍋,Pot
払い,Payment
油絵,Oil Painting
甘酢,Sweet Vinegar
盛り上がる,To Swell
遅い,Slow
恥ずかしがる,To Be Shy
破れる,To Get Torn
自己紹介,Self Introduction
紹介する,To Introduce
紹介状,Letter Of Introduction
汁物,Soups
味噌汁,Miso Soup
酔っ払い,Drunk
二日酔い,Hangover
給油所,Gas Station
跳ぶ,To Jump
昭和,Showa Era
漁師,Fisherman
漁船,Fishing Boat
漁業,Fishing Industry
償う,To Compensate For
弁償,Reimbursement
刑務所,Jail
死刑,Death Penalty
刑事,Police Detective
刑期,Prison Term
刑罰,Punishment
終身刑,Life Sentence
募る,To Appeal For Something
募金,Fundraising
募集,Recruiting
応募,Application
執る,To Take Control
執着,Attachment To
執筆,Writing
塁,Baseball Base
塁打,Base Hit
塁審,Baseball Umpire
崩す,To Demolish
崩壊,Collapse
患う,To Be Afflicted With
患者,A Patient
急患,Emergency Patient
戻す,To Return
戻る,To Return
対向する,To Be Oncoming
反抗する,To Rebel
抗戦,Resistance
抗体,Antibody
抵抗する,To Resist
大抵,Generally
上旬,First Ten Days Of The Month
下旬,Last Ten Days Of The Month
中旬,Middle Ten Days Of The Month
旬,In Season
湾,Gulf
台湾,Taiwan
爆発,Explosion
爆弾,Bomb
爆笑,Explosive Laughter
自爆,Suicide Bomb
爆撃,Bombing
弾,Bullet
弾む,To Bounce
弾丸,Bullet
聴力,Hearing Ability
聴者,Listener
聴く,To Listen To
盗聴,Wiretapping
跡,Traces
奇跡,Miracle
証跡,Evidence
遺跡,Ruins
遣う,To Consider
闘う,To Struggle
戦闘,Battle
闘志,Fighting Spirit
陣,Army Camp	
陣営,Camp
香り,Fragrance
香港,Hong Kong
香水,Perfume
香川県,Kagawa Prefecture
兆候,Sign
前兆,Omen
臨む,To Face
臨海,Seaside
臨時,Temporary
削る,To Whittle Something Down
削除,Deletion
削減,Reduction
契約,Contract
契機,Chance
恵む,To Do A Favor
知恵,Wisdom
抱く,To Embrace
掲げる,To Put Up A Sign
掲示,Notice
掲載,Publication
狙い,Aim
狙撃,Shooting
葬式,Funeral
葬る,To Bury
火葬,Cremation
貿易会社,Trading Firm
遺伝子,Genes
奈良県,Nara Prefecture
廃止する,To Abolish
乗り換える,To Transfer
指摘する,To Point Out
沖縄,Okinawa
維持する,To Maintain
明治維新,Meiji Restoration
お見舞い,Sympathy Visit
舞踏会,Ball
一般的,Ordinary
全般的,General
頼み,A Favor
頼る,To Rely On
依頼人,Client
馬鹿らしい,Absurd
需要,Demand
必需品,Necessities
年齢,Years Old
高齢者,Elderly Person
老齢,Old Age
宜しい,Good
繰る,To Spin
避ける,To Avoid
避難,Evacuation
避妊,Birth Control
妊娠する,To Be Pregnant
妊婦,Pregnant Woman
致す,To Do
一致する,To Match
致命的,Fatal
朝刊,Morning Edition
月刊,Monthly Edition
夕刊,Evening Edition
刊行する,To Publish
日刊,Daily Edition
奏楽,Musical Performance
演奏,Musical Performance
伴う,To Accompany
同伴する,To Accompany
併殺,Double Play
併合,Annexation
傾く,To Be Leaned
傾向,Tendency
却って,On The Contrary
却下,Rejection
奥,Far Back
奥さん,Wife
遠慮,Restraint
配慮,Consideration
考慮,Consideration
懸ける,To Stake
懸命,Eager
房,Cluster
冷房,Air Conditioning
暖房,Heating
扱う,To Handle
抑圧,Oppression
抑制,Control
抑止,Deterrent
選択,Selection
描写,Depiction
描画,Drawing
描く,To Draw
盤,Tray
円盤,Disk
基盤,Base
対称,Symmetry
仮称,Working Name
一人称,First Person
一緒,Together
内緒,Secret
緩い,Loose
緩む,To Loosen
緩やか,Loose
委託,Consign
託す,To Entrust
信託,Trust
受託,Be Entrusted With
贈る,To Give A Present
贈収賄,Bribery
賄賂,Bribe
賄う,To Pay
逃げる,To Escape
逃亡,Escape
生還,Reaching Home Plate
返還,Return
還元,Give Something Back
湯豆腐,Boiled Tofu
伸ばす,To Stretch Something
及ぼす,To Exert
及び,As Well As
踏み込む,To Step Into
超す,To Exceed
派遣,Dispatch
燃やす,To Burn Something
縄張り,Rope Off
〜丁目,District Of A Town
換える,To Exchange
将棋,Shogi
跡継ぎ,Heir
跳ねる,To Jump
縄跳び,Jump Rope
応募する,To Apply For
本塁打,Home Run
崩れる,To Crumble
払い戻す,To Repay
弾く,To Play A Stringed Instrument
言葉遣い,Choice Of Words
小遣い,Allowance
削除する,To Delete
掲示板,Bulletin Board
渋滞,Traffic Jam
募集中,Now Hiring
戻り道,Way Back
取り戻す,To Take Back
原子爆弾,Atomic Bomb
足跡,Footprint
狙う,To Aim At
邦訳,Translation Into Japanese
邦人,Fellow Countryman
連邦,Commonwealth
呼び鈴,Doorbell
鈴,Small Bell
岐阜,Gifu
隆盛,Prosperity
隆起,Protuberance
雇う,To Employ
解雇する,To Fire Someone
雇用,Employment
壁,Wall
壁紙,Wallpaper
棋士,Shogi Player
棋院,Go Hall
渋い,Bitter Flavor
片〜,Fragment
片手,One Handed
片言,Broken Language
片仮名,Katakana
片道,One Way
群れ,Flock
群馬県,Gunma Prefecture
群集,Crowd
仙人,Hermit
水仙,Daffodil
仙台,Sendai
充実,Fullness
充電,Recharge
補充,Resupply
免れる,To Escape Something
免状,Certificate
免許,License
免税,Tax Exemption
御免,Sorry
免除,Exemption
勧める,To Recommend
勧告,Recommendation
勧誘,Solicitation
圏外,Out Of Range
英語圏,English Speaking World
南極圏,Antarctic Circle
埋める,To Bury
埼玉県,Saitama Prefecture
奪う,To Rob
御飯,Cooked Rice
御覧になる,To Look
慎む,To Be Discreet
慎重,Discreet
拒む,To Refuse
拒否,Refusal
枠,Frame
枠組み,Frame
甲,Turtle Shell
甲斐,Effect
福祉,Welfare
稲,Rice Plant
稲田,Rice Field
稲作,Rice Cultivation
譲る,To Concede
移譲,Transfer
謙譲語,Humble Japanese
謙虚,Modesty
躍る,To Leap
飛躍,Leaping
活躍,Active Participation
躍進,Rapid Progress
躍動,Vibrancy
跳躍,Jump
銃,Gun
銃殺,Death By Shooting
銃弾,Rifle Bullet
短銃,Pistol
項目,Item
事項,Matter
要項,Important Points
鋼,Steel
鋼材,Steel Material
製鋼,Steel Manufacture
宜しく,Best Regards
宜しくお願いします,Best Regards
繰り返す,To Repeat
避難する,To Evacuate
傾ける,To Lean Something
奥様,Your Wife
遠慮する,To Decline
懸かる,To Hang
一生懸命,With All One's Might
扱い,Handling
取り扱う,To Manage
選択する,To Select
称える,To Praise
内緒話,Confidential Talk
緩める,To Loosen
贈り物,A Present
葬儀,Funeral
沖縄県,Okinawa Prefecture
贈賄,Bribery
逃す,To Miss
逃亡者,Fugitive
顧問,Advisor
顧みる,To Look Back On Something
回顧録,Memoirs
駐日,Stationed In Japan
駐在,Residence
駐車場,Parking Lot
駐留軍,Stationed Troops
駆ける,To Gallop
柱,Pillar
電柱,Telephone Pole
唱える,To Chant
主唱,Advocate
唱歌,Singing
独唱,Solo
歌唱,Singing
合唱団,Chorus
孝行,Filial Piety
不孝,Disobedience To Parents
俊才,Genius
兼業,Side Business
兼用,Combined Use
兼ねる,To Combine
洗剤,Detergent
薬剤,Medicine
薬剤師,Pharmacist
防腐剤,Preservative
〜剤,Medicine
吹く,To Blow
堀,Ditch
内堀,Inner Moat
外堀,Outer Moat
堀川,Canal
巡回,Patrol
巡礼,Pilgrimage
巡る,To Go Around
巡査,Police Officer
戒める,To Warn
戒告,Admonition
訓戒,Warning
警戒,Vigilance
排気,Exhaust
排他,Exclusion
排水,Drainage
排出,Emission
排除,Exclusion
携帯,Portable
携わる,To Engage In
敏感,Sensitivity
過敏,Oversensitivity
機敏,Quick
鋭敏,Sharpness
鋭い,Sharp
鋭利,Sharpness
新鋭,Cutting Edge
敷く,To Spread Out
敷金,Security Deposit
屋敷,Residence
座敷,Tatami Room
〜殿,Mr.
殿様,Feudal Lord
殿堂,Palace
犠打,Sacrifice Fly
獲得,Acquisition
捕獲,Capture
獲物,Spoils
茂る,To Be Luxuriant
繁茂,Luxuriant Growth
頻繁,Frequent
繁殖,Breeding
繁栄,Prospering
頻度,Frequency
頻発,Frequent Occurrence
頻りに,Frequently
生殖,Reproduction
殖える,To Multiply
薄い,Thin
薄弱,Weakness
薄情,Cold Hearted
衝撃,Shock
衝突,Collision
名誉,Honor
栄誉,Honor
褒める,To Praise
褒美,Reward
褒賞,Medal
透ける,To Be Transparent
透明,Transparent
隣,Neighbor
隣家,Neighboring House
近隣,Neighborhood
隣国,Neighboring Country
隣人,Neighbor
雅致,Artistry
雅楽,Japanese Court Music
優雅,Elegance
控える,To Abstain
群れる,To Flock
埋もれる,To Get Buried
埋め合わせる,To Compensate For
御手洗,Restroom
岐阜県,Gifu Prefecture
雇用者,Employer
破片,Fragment
御免なさい,Sorry
社会福祉,Social Welfare
謙遜,Humble
拳銃,Revolver
思い遣り,Consideration
原爆,Atomic Bomb
渋谷,Shibuya
充電する,To Charge A Battery
甲斐性,Resourcefulness
生き甲斐,Reason For Living
手の甲,Back Of One's Hand
やり甲斐,Worth Doing
躍り,Jumping
伺う,To Inquire
徹する,To Devote Oneself
徹夜,All Night
徹底,Thoroughness
瀬戸,Seto
高瀬,Shallows
早瀬,Swift Currents
瀬,Rapids
撤去,Withdrawal
撤回,Withdrawal
撤兵,Withdrawal Of Troops
措置,Measures
措辞,Wording
拠る,To Be Due To
拠点,Position
証拠,Physical Evidence
根拠,Basis
礼儀,Manners
儀式,Ceremony
祝儀,Congratulatory Gift
辞儀する,To Bow
果樹,Fruit Tree
樹皮,Tree Bark
植樹,Tree Planting
放棄,Abandonment
廃棄,Disposal
投棄,Dumping
虎,Tiger
蛍,Firefly
蜂,Bee
蜂蜜,Honey
焼酎,Shochu
蜜,Honey
廃墟,Ruins
艦船,Warship
艦隊,Naval Fleet
軍艦,Battleship
潜水艦,Submarine
航空母艦,Aircraft Carrier
潜む,To Lurk
原潜,Nuclear Submarine
潜水,Diving
潜在意識,Subconscious
拳,Fist
拳骨,Clenched Fist
炭,Charcoal
炭素,Carbon
石炭,Coal
畑,Field
田畑,Fields
麦畑,Wheat Field
包む,To Wrap
包丁,Kitchen Knife
包囲,Siege
衣,Clothes
更衣室,Changing Room
脱衣,Undressing
仁,Humanity
仁義,Humanity And Justice
鉱山,A Mine
鉱石,Ore
鉱物,Mineral
炭鉱,Coal Mine
鉄鉱,Iron Ore
鉱業,Mining Industry
至る,To Arrive At
夏至,Summer Solstice
冬至,Winter Solstice
必至,Inevitable
至上,Supremacy
誠,Sincerity
誠意,Sincerity
誠実,Sincere
忠誠,Loyalty
郷里,Hometown
故郷,Hometown
帰郷する,To Return To One's Hometown
侵攻,Invasion
侵入,Intrusion
侵す,To Invade
侵害,Infringement
偽,Fake
偽る,To Lie
偽装,Camouflage
偽造,Forgery
駆け込む,To Rush Into
駆け出す,To Rush Out
駆け回る,To Run Around
不孝者,Disobedient Child
親不孝,Lack Of Filial Piety
携帯電話,Portable Phone
最新鋭,State Of The Art
犠飛,Sacrifice Fly
不透明,Opacity
克服,Conquest
克明,Detailed
到着,Arrival
双子,Twins
双,Pair
双眼鏡,Binoculars
哲学,Philosophy
喪,Mourning
喪失,Loss
堅い,Solid
床,Floor
起床,Rising
温床,Hotbed
病床,Sickbed
括る,To Tie Up
一括,All Together
総括,Synthesis
統括,Unification
括弧,Parentheses
円弧,Arc
挑む,To Challenge Someone
挑戦,A Challenge
挑発,Provocation
掘る,To Dig
発掘,Excavation
揚げる,To Deep Fry
握る,To Grasp
握手,Handshake
握力,Grip
揺る,To Shake
動揺,Emotional Turmoil
書斎,Study
斎場,Funeral Hall
暫く,For A Little While
暫定,Tentative
解析,Analysis
分析,Analysis
枢軸,Axis
中枢,Center
軸,Axis
掛軸,Hanging Scroll
中軸,Axis
柄,Pattern
国柄,National Character
人柄,Personal Character
一泊,One Night's Stay
二泊,Two Night's Stay
宿泊,Lodging
泊まる,To Stay The Night
滑る,To Slide
円滑,Effortless
潟,Lagoon
干潟,Tidal Flat
焦点,Focal Point
焦げる,To Be Burned
範囲,Extent
模範,Exemplification
範,Example
紛らす,To Divert
紛糾,Complication
糾弾,Blame
綱,Rope
横綱,Yokozuna
綱引き,Tug Of War
網,Net
交通網,Traffic Network
通信網,Communications Network
肝,Liver
肝炎,Hepatitis
肝臓,Liver
芝,Lawn
芝生,Lawn
東芝,Toshiba
芝草,Lawn
荒い,Wild
荒れる,To Be Stormy
袋,Sack
ゴミ袋,Garbage Bag
福袋,Mystery Bag
軍艦島,Battleship Island
偽物,Fake
包み,Bundle
浴衣,Yukata
誠に,Indeed
誰,Who
誰か,Someone
珍〜,Unusual
珍味,Delicacy
珍しい,Rare
裂く,To Tear
決裂,Breakdown
分裂,Split
襲う,To Attack
襲撃,Attack
奇襲,Surprise Attack
空襲,Air Raid
逆襲,Counterattack
貢献,Contribution
趣,Charm
趣味,Hobby
距離,Distance
戸籍,Family Register
国籍,Citizenship
暴露,Disclosure
露骨,Frank
露店,Street Stall
露出,Exposure
牧師,Pastor
牧野,Pasture Land
牧草,Pasture
牧場,Livestock Farm
印刷,Printing
刷る,To Print
明朗,Bright
朗報,Good News
朗らか,Bright
潮,Tide
風潮,Tide
満潮,High Tide
潮流,Tide
即〜,Immediate
即興,Improvisation
即座,Immediate
即死,Instant Death
即日,Same Day
即効,Immediate Effect
垣,Fence
垣根,Hedge
石垣,Stone Wall
権威,Authority
威張る,To Act Big
球威,A Pitcher's Stuff
威厳,Dignity
封,Seal
開封,Unsealing
封書,Sealed Letter
封建主義,Feudalism
封筒,Envelope
筒,Pipe
山岳,Mountains
岳,Peak
慰謝,Consolation
慰める,To Console
慰問,Paying A Sympathy Call
慰安,Solace
懇意,Friendly
懇話,Friendly Talk	
懇親,Friendship
懇談,Informal Talk
懲りる,To Learn By Experience
懲罰,Discipline
摩擦,Friction
擦れる,To Be Rubbed
相撲,Sumo Wrestling
一斉,Simultaneous
旨い,Delicious
旨,Gist
要旨,Main Point
論旨,Point Of An Argument
柔らかい,Gentle
柔道,Judo
柔和,Gentle
沈める,To Sink Something
沈む,To Sink
沈滞,Stagnation
沼,Bog
沼田,Marshy Rice Field
沼地,Marshland
泥沼,Quagmire
沼沢,Swamp
安泰,Peace
滅ぼす,To Destroy
滅亡,Downfall
撲滅,Extermination
絶滅,Extinction
壊滅,Destruction
幻滅,Disillusionment
滋養,Nourishment
高炉,Blast Furnace
暖炉,Fireplace
炉心,Nuclear Reactor Core
原子炉,Atomic Reactor
琴,Koto
携帯ストラップ,Cell Phone Strap
克服する,To Conquer
哲学者,Philosopher
喪服,Mourning Dress
挑戦者,A Challenger
揚げ,Fried
握り,Grip
揺さぶる,To Shake
揺する,To Shake
揺れる,To Be Shaken
泊まり,Overnight Stay
泊める,To Let Someone Stay Over
滑り台,Playground Slide
焦る,To Be In A Hurry
焦がす,To Burn
紛れる,To Be Diverted
紛らわしい,Confusing
網戸,Screen Door
荒波,Stormy Seas
手袋,Gloves
竜,Dragon
竜巻,Tornado
恐竜,Dinosaur
縁起,Omen
無縁,Unrelated
縁談,Marriage Proposal
左翼,Left Wing
右翼,Right Wing
翼,Wing
吉,Good Omen
不吉,Ominous
忍ぶ,To Endure
忍者,Ninja
刃,Blade
刃物,Edged Tool
刃先,Edge Of Blade
桃,Peach
桃色,Peach Color
辛い,Spicy
香辛料,Spices
辛子,Mustard
辛抱,Patience
辛勝,Narrow Victory
謎,Mystery
謎々,Riddle
侍,Samurai
俺,I
俺ら,We
俺たち,We
叱る,To Scold
娯楽,Pleasure
斗,Ladle
朱,Vermilion
朱印,Red Seal
丘,Hill
砂丘,Sand Dune
梨,Pear
〜匹,Small Animal Counter
四匹,Four Small Animals
一匹,One Small Animal
叫ぶ,To Shout
絶叫,Exclamation
釣り,Fishing
釣る,To Fish
髪,Hair
金髪,Blonde
髪の毛,Head Hair
髪型,Hairstyle
嵐,Storm
笠,Conical Hat
大砲,Cannon
涙,Tears
感涙,Tears Of Gratitude
缶ビール,Can Beer
缶,Tin Can
空き缶,Empty Can
缶コーヒー,Canned Coffee
姫,Princess
姫様,Princess
棚,Shelf
本棚,Bookcase
戸棚,Cabinet
粒,Grain
粒子,Particle
雷雨,Thunderstorm
雷,Thunder
魚雷,Torpedo
芽,Sprout
塔,Tower
管制塔,Control Tower
バベルの塔,Tower Of Babel
エッフェル塔,Eiffel Tower
引き裂く,To Tear Up
核分裂,Nuclear Fission
襲撃する,To Attack
遠距離,Long Distance
近距離,Short Distance
短距離,Short Distance
入籍,Entry In Family Register
一斉に,Simultaneously
滅びる,To Be Destroyed
硬い,Stiff
硬直,Stiffness
稼ぐ,To Earn Income
澄む,To Become Clear
矛,Spear
肌,Human Skin
鳥肌,Goosebumps
肌触り,The Touch Of
肌色,Skin Color
小舟,Boat
舟,Boat
鐘,Bell
警鐘,Alarm Bell
凶器,Dangerous Weapon
元凶,Ringleader
凶悪,Atrocious
狩り,Hunting
狩人,Hunter
頃,Approximate Time
先頃,Recently
近頃,Lately
年頃,Approximate Age
いつ頃,About When
この頃,Recently
若い頃,One's Youth
魂,Soul
〜魂,Spirit
脚,Leg
脚本,Script
可也,Considerably
井戸,Well
天井,Ceiling
呪い,Curse
呪う,To Curse
暦,Calendar
旧暦,Lunisolar Calendar
西暦,Christian Era
曇る,To Get Cloudy
曇り,Cloudy Weather
眺める,To Stare At
眺望,Prospect
全裸,Completely Naked
半裸,Half Naked
裸,Naked
賭ける,To Gamble
賭け,Betting
疲れる,To Get Tired
疲労,Fatigue
塾,Cram School
義塾,Private School
塾生,Cram School Student
電卓,Calculator
食卓,Dining Table
卓,Table
卓球,Table Tennis
磨く,To Polish
磨き,Polish
細菌,Bacteria
ばい菌,Germ
無菌,Sterilized
殺菌,Sterilization
陰,Shadow
陰気,Gloom
悪霊,Evil Spirit
霊感,Inspiration
亡霊,Ghost
霊園,Cemetery
加湿器,Humidifier
湿地,Wetlands
湿気,Moisture
湿る,To Be Damp
嫁,Bride
嫁ぐ,To Marry
溝,Gutter
海溝,Ocean Trench
排水溝,Drainage
滝,Waterfall
滝川,Rapids
狂う,To Go Mad
狂気,Madness
翔る,To Fly
親孝行,Filial Piety
見逃す,To Overlook
吹き出す,To Begin To Blow
吹き込む,To Blow In
口笛を吹く,To Whistle
薄める,To Dilute
逃れる,To Escape
取り逃がす,To Fail To Catch
吹き飛ばす,To Blow Away
伺い,Inquiry
群がる,To Flock
潜る,To Go Under
合わせる,To Join Together
寝床,Bed
手堅い,Solid
荒らす,To Lay Waste
荒々しい,Wild
悪趣味,Bad Habit
包み紙,Wrapping Paper
潮時,Tidal Hour
黒潮,Japan Current
擦る,To Rub
小包,Package
素粒子,Elementary Particle
お握り,Onigiri
揚げ出し,Deep Fried
叫び,Shout
叫び声,Shout
新芽,Sprout
焦り,Impatience
墨,Ink
墨絵,Ink Painting
入れ墨,Tattoo
鳩,Pigeon
穏やか,Calm
穏当,Proper
平穏,Calm
不穏,Unrest
鈍い,Dull
鈍感,Insensitive
鈍器,Blunt Weapon
悪魔,Devil
魔法,Magic
魔術,Black Magic
魔女,Witch
寮,Dormitory
寮生,Boarding Student
お盆,Obon
寧ろ,Rather
丁寧,Polite
病棟,Hospital Ward
吾輩,I
斬新,Novel Idea
斬殺,Killing With A Sword
斬る,To Cut Down
椅子,Chair
歳月,Time
〜歳,Years Old
二十歳,Twenty Years Old
万歳,Banzai
歳暮,End Of The Year
歳入,Annual Revenue
涼しい,Cool
清涼,Refreshing
涼風,Cool Breeze
猿真似,Monkey See Monkey Do
猿,Monkey
瞳,Pupil
鍵,Key
零,Zero
零下,Below Zero
零時,Midnight
零点,Zero Points
零す,To Spill Something
碁,Go
囲碁,Go
碁盤,Go Board
碁会所,Go Parlor
租界,Concession
租税,Taxes
泡,Bubble
気泡,Air Bubble
水泡,Foam
発泡,Foaming
癖,Bad Habit
幽閉,Confinement
幽霊,Ghost
口癖,Favorite Phrase
鍛錬,Tempering
錬金術,Alchemy
鍛える,To Forge
穂,Head Of Plant
稲穂,Head Of Rice
皇帝,Emperor
帝,Japanese Emperor
帝国,Empire
帝政,Imperial Government
瞬く,To Blink
瞬間,An Instant
瞬時,Moment
白菊,White Chrysanthemum
誇大,Exaggeration
瞬き,A Blink
一瞬,An Instant
誇る,To Be Proud Of
誇張,Exaggeration
庄園,Manor
阻む,To Thwart
阻止,Obstruction
阻害,Obstruction
黙る,To Shut Up
沈黙,Silence
黙殺,Ignoring
俵,Sack
土俵,Ring
綿,Cotton Plant
綿布,Cotton Cloth
架設,Construction
書架,Bookshelf
担架,Stretcher
眺め,View
疲れ,Tiredness
湿らせる,To Moisten
砕く,To Smash
砕石,Rubble
粉砕,Pulverization
粘る,To Be Sticky
粘土,Clay
粘着,Cohesion
化粧,Makeup
欺く,To Deceive
詐欺,Fraud
詐取,Swindle
詐称,Misrepresentation
霧,Fog
黒い霧,Thick Fog
朝霧,Morning Fog
柳,Willow
花柳,Red Light District
川柳,Comic Haiku
伊勢,Ise
伊達,Flamboyance
補佐,Aid
大佐,Colonel
少佐,Major
中佐,Lieutenant Colonel
尺,Shaku
巻尺,Tape Measure
哀れ,Pity
可哀想,Pitiful
悲哀,Sorrow
唇,Lips
下唇,Lower Lip
上唇,Upper Lip
塀,Wall
土塀,Mud Wall
撃墜,Shooting Down
墜落,Falling
欠如,Lack
突如,Suddenly
躍如,Vividly Depicted
老婆,Old Woman
お婆さん,Grandmother
崖,Cliff
布巾,Dish Cloth
雑巾,Dust Cloth
帽子,Hat
貨幣,Money
紙幣,Paper Money
恨む,To Hold A Grudge
痛恨,Regret
憎む,To Hate
愛憎,Love And Hate
憩う,To Rest
休憩,Rest
扇ぐ,To Fan
扇風機,Electric Fan
扇子,Folding Fan
扉,Front Door
門扉,Doors Of A Gate
挿絵,Book Illustration
挿話,Episode
挿入,Insertion
掌,Palm Of One's Hand
車掌,Train Conductor
掌握,Grasping
滴る,To Drip
水滴,Drop Of Water
点滴,Intravenous Drip
炊く,To Cook
自炊,Cooking For Oneself
炊事,Cooking
炊飯器,Rice Cooker
爽やか,Refreshing
〜畳,Counter For Tatami Mats
畳,Tatami Mat
明瞭,Clarity
箸,Chopsticks
割り箸,Splittable Chopsticks
胴,Torso
胴体,Body
芯,Core
虹,Rainbow
虹色,Rainbow Colored
お嬢さん,Young Lady
裸足,Barefoot
紛れもない,Unmistakable	
稼ぎ,Earnings
〜狩り,Hunting
歯を磨く,To Brush One's Teeth
澄ます,To Make Something Clear
塊,Lump
塊魂,Katamari Damacy
矛先,Point Of Spear
お陰で,Thanks To
本屋,Bookstore
不味い,Bad Tasting
大丈夫,Safe
癖に,And Yet
帝国主義,Imperialism
車椅子,Wheelchair
土俵際,Edge Of A Sumo Ring
紛れ,Fluke
脅し,Threat
脅迫,Threat
魔法使い,Wizard
涼む,To Cool Oneself
備蓄,Emergency Stores
貯蓄,Savings
蓄える,To Amass
蚊,Mosquito
蚊帳,Mosquito Net
記帳,Registry
手帳,Notebook
メモ帳,Memo Book
電話帳,Telephone Book
蛇,Snake
貼る,To Paste
辱める,To Humiliate
恥辱,Disgrace
屈辱,Disgrace
鉢,Bowl
火鉢,Brazier
鉢巻,Headband
闇,Darkness
暗闇,Darkness
無闇に,Thoughtlessly
隙,Crevice
隙間,Crevice
霜,Frost
飢餓,Starvation
飢える,To Starve
餓死,Death From Starvation
畜産,Animal Husbandry
家畜,Domestic Animals
畜生,Damn It
迅速,Quick
騎士,Knight
騎馬,Riding A Horse
騎手,Jockey
騎兵,Cavalry
尽きる,To Be Used Up
理不尽,Unreasonable
尽力,Efforts
彩る,To Color Something
色彩,Color
迷彩,Camouflage
水彩画,Watercolor Painting
油彩,Oil Painting
記憶,Memory
憶測,Guess
溶かす,To Melt Something
溶岩,Lava
水溶性,Water Soluble
耐える,To Endure
忍耐,Endurance
耐熱,Heat Resisting
耐火,Fireproof
耐久性,Durability
踊る,To Dance
踊り,Dance
踊り場,Landing
盆踊り,Bon Festival Dance
賢い,Clever
賢人,Sage
賢明,Wise
輝く,To Shine
光輝,Brightness
輝度,Luminance
麻,Cannabis
大麻,Marijuana
麻酔,Anesthesia
灯り,Lamp
街灯,Streetlight
電灯,Electric Light
咲く,To Bloom
遅咲き,Late Flower
返り咲き,Comeback
培う,To Cultivate
培養,Cultivation
悔しい,Regrettable
後悔,Regret
脇,Armpit
脇見,Looking Away
脇役,Supporting Actor
未遂,Attempt
遂行,Accomplishment
班,Squad
首班,Head
班長,Squad Leader
塗布,Application
塗る,To Paint
塗装,Coating
塗料,Paint
斜め,Diagonal
斜面,Slant
斜体,Italics
殴る,To Punch
殴打,Hit
盾,Shield
矛盾,Contradiction
後ろ盾,Backing
収穫,Harvest
貨幣価値,Currency Value
不明瞭,Dimness
浸透,Permeation
粘り,Stickiness
お婆ちゃん,Granny
憎らしい,Hateful
憎しみ,Hatred
憎い,Hateful
扇,Folding Fan
団扇,Fan
挿入する,To Insert
駒,Chess Piece
紫,Purple
紫外線,Ultraviolet Rays
紫色,Purple
抽象,Abstraction
抽選,Lottery
抽出,Extraction
誓い,Vow
誓約,Vow
丈夫,Sturdy
丈,Height
背丈,Stature
頑丈,Solid
悟る,To Realize
覚悟,Resolution
開拓,Reclamation
拘置,Detention
礎,Foundation
基礎,Foundation
鶴,Crane
刈る,To Prune
草刈り,Mowing
刈り取る,To Mow
剛健,Vigor
唯,Solely
唯一,Only
唯物論,Materialism
壇,Podium
花壇,Flower Bed
仏壇,Buddhist Altar
尼僧,Nun
尼,Nun
気概,Strong Spirit
概算,Approximation
概念,General Idea
概要,Outline
大概,In General
一概に,Unconditionally
浸る,To Be Soaked In
浸水,Submersion
侵食,Erosion
淡い,Faint
淡水,Fresh Water
煮る,To Boil Something
雑煮,New Year's Dish
煮物,Boiled Foods
覆る,To Be Overturned
覆面,Mask
転覆,Capsizing
謀る,To Conspire
無謀,Reckless
陰謀,Conspiracy
陶器,Pottery
陶芸,Ceramic Art
隔離,Isolation
隔週,Every Other Week
間隔,Space
隔月,Every Other Month
隔てる,To Isolate
遠征,Expedition
征服,Conquest
陛下,Your Majesty
俗語,Colloquialism
民俗,Folk Customs
俗,Slang
桑,Mulberry
桑原,Mulberry Field
桑畑,Mulberry Field
潤う,To Be Moist
利潤,Profit
数珠,Rosary
珠算,Calculation With Abacus
真珠,Pearl
衰える,To Decline
老衰,Senility
衰退,Decline
推奨,Recommendation
奨学金,Scholarship
劣化,Deterioration
劣悪,Inferiority
劣等感,Inferiority Complex
劣る,To Be Inferior To
勘,Intuition
勘案,Taking Into Consideration
勘弁,Pardon
割り勘,Splitting The Cost
勘違い,Misunderstanding
王妃,Queen
皇太子妃,Crown Princess
〜妃,Princess
溶ける,To Melt
悪賢い,Devious
輝き,Radiance
蟹,Crab
鰐,Alligator
鬱陶しい,Gloomy
峰,Summit
連峰,Mountain Range
巧い,Adept
巧妙,Ingenious
風邪,Cold
邪魔,Hindrance
邪,Wicked
下駄,Geta
駄目,Not Good
無駄,Futility
唐突,Abrupt
法廷,Court
宮廷,Imperial Court
名簿,Register Of Names
帳簿,Account Book
表彰,Public Acknowledgement
漫画,Manga
漫才,Comic Dialogue
訂正,Correction
改訂版,Revised Edition
諮問,Question
諮る,To Consult With
感銘,Deep Impression
銘柄,Brand
銘々,Each
堰,Dam
堤,Embankment
堤防,Embankment
漂う,To Drift
漂流,Drifting
漂着,Drifting Ashore
翻意,Change One's Mind
翻訳,Translation
翻る,To Billow
軌跡,Track
軌道,Orbit
皇后,Japanese Empress
興奮,Excitement
奮起,Stirring
〜亭,Restaurant
仰ぐ,To Look Up At
仰々しい,Pompous
仰天,Taken Aback
信仰,Religious Faith
伯,Chief
伯母,Aunt
偶に,Occasionally
偶然,By Chance
配偶者,Spouse
淀川,Yodogawa
古墳,Ancient Tomb
墳墓,Grave
壮大,Magnificent
壮年,Prime Of Life
壮行,Send-Off
〜把,Counter For Bundles
把握,Grasp
運搬,Transport
搬送,Transportation
搬出,Carry Out
液晶,Liquid Crystal
水晶,Crystal
洞,Cave
空洞,Hollow
洞穴,Cave
生涯,One's Lifetime
検疫,Quarantine
免疫,Immunity
疫病,Infectious Disease
恨み,Grudge
哀れむ,To Pity
憩い,Rest
脅す,To Threaten
飢え,Hunger
尽くす,To Exhaust Something
彩り,Coloring
悔やむ,To Regret
殴り合い,Fistfight
殴り込み,Raid
詐欺師,Swindler
遂げる,To Accomplish
麻布,Hemp Cloth
花柳界,Red Light District
休憩所,Rest Area
粘々,Stickiness
お疲れ様,Good Work
鬱気,Gloomy Mood
一歩,One Step
〜階,Floor
〜付き,Including
〜枚,Flat Object Counter
〜台,Big Machine Counter
三百,Three Hundred
都市,City
言語,Language
地上,Above Ground
全部,All
〜時,O'Clock
万人,All People
味方,Ally
天使,Angel
〜人,Number Of People
発売中,Now For Sale
お手洗い,Toilet
進撃,Advance
自動車,Automobile
黒板,Blackboard
汚い,Dirty
速い,Fast
眼鏡,Glasses
北海道,Hokkaido
新年,New Year
教科書,Textbook
足す,To Add Something
要る,To Need
座る,To Sit
品詞,Part Of Speech
形容動詞,Na Adjective
車両,Railroad Car
実感,Realization
火傷,Burn
読者,Reader
解説,Explanation
対談,Talk
意欲,Will
食べ物,Food
波,Wave
顔面,Face Of A Person
言葉,Word
丁度いい,Just Right
律動的,Rhythmical
別れる,To Separate
共有する,To Share
保持する,To Keep
僕,I
編集者,Editor
研修生,Trainee
迷惑メール,Spam
在留する,To Reside
在留,Residence
地球,The Earth
故,Reason
演技,Acting
演ずる,To Perform
演芸,Performing Arts
瞳孔,Pupil
眼孔,Eye Socket
掲載する,To Publish
寸,Sun
寸暇,Moment's Leisure
通う,To Commute
二日,Second Day
人々,People
少女,Girl
万,Ten Thousand
赤い,Red
白い,White
百,Hundred
会,Gathering
早く,Early
死,Death
姉,Older Sister
〜室,Room
大きく,In A Big Way
近く,Near
向ける,To Turn Something Towards
お前,You
〜部,Department
部分,Portion
千葉,Chiba
思わず,Unintentionally
立ち飲み,Standing And Drinking
田代島,Tashirojima
表情,Facial Expression
性,Gender
見返す,To Show Someone What One Can Do
動き,Movement
軍,Army
列,Line
伝,Intermediary
急,Sudden
兵,Soldier
無理,Impossible
側,Side
〜達,Pluralizing Suffix
覚える,To Memorize
連中,The Gang
多忙,Busy
機,Machine
背後,Background
剣,Sword
寸法,Measurement
寸前,On The Brink
逃がす,To Let Go
魔,Devil
人工,Artificial
一日,One Day
七日,Seventh Day
三日,Third Day
今日は,Hello
二十日,Twentieth Day
草地,Meadow
台風,Typhoon
考古学,Archeology
地中海,Mediterranean Sea
毎朝,Every Morning
不自由,Discomfort
教え,Teaching
表,Front
作業,Work
病む,To Be Sick
中指,Middle Finger
屋上,Rooftop
支度,Preparation
用意,Preparation
会員,Member
船員,Sailor
都会,Urban Area
女神,Goddess
周り,Circumference
深さ,Depth
動物園,Zoo
記念日,Anniversary
変わる,To Be Changed
勇む,To Be In High Spirits
無し,Without
喜び,Joy
警告,Warning
連日,Every Day
自在,Freely
布地,Cloth
不機嫌,Bad Mood
震える,To Shake
上演,Performance
全額,Total
見渡す,To Look Out Over
従順,Obedient
何故,Why
居間,Living Room
寄与,Contribution
幾度,How Many Times
恐い,Scary
背が高い,Tall
幕府,Bakufu
大幅,Large
奥深い,Profound
衣服,Clothes
縁,Edge
伯父,Uncle
九日,Nine Days
八日,Eight Days
十日,Ten Days
一生,Whole Life
国王,King
水星,Mercury
金星,Venus
売れる,To Be Sold
船体,Hull
当たり前,Natural
水道,Water Supply
付近,Neighborhood
欠かす,To Do Without
見物,Sightseeing
入院,Hospitalization
葉,Leaf
予め,Beforehand
平仮名,Hiragana
文字通り,Literal
相図,Sign
島,Island
落ち,Conclusion
陽気,Cheerful
学問,Schooling
周期,Cycle
理性,Reason
情けない,Miserable
場面,Scene
辞典,Dictionary
完結,Conclusion
無言,Silence
固まる,To Harden
達する,To Attain
関連,Relation
議会,Diet
得体,Character
価格,Price
台詞,Speech
左腕,Left Arm
額,Framed Picture
規則正しい,Regular
怪物,Monster
屈む,To Bend Down
家政婦,Housekeeper
寄付,Contribution
快楽,Pleasure
恐らく,Probably
飾り,Decoration
貴重,Precious
舞,Dancing
欠伸,Yawn
小柄,Small Build
落雷,Thunderbolt
灯る,To Burn
大いに,Very
用,Task
仕草,Gesture
生える,To Grow
〜形,Form
土星,Saturn
活気,Energy
〜号室,Room Number
大空,Heavens
見当たる,To Be Found
三角形,Triangle
活用形,Conjugated Form
役場,Town Hall
点ける,To Turn Something On
何度,How Many Times
泳ぎ,Swimming
記事,Article
口調,Tone
語る,To Talk
初歩,Basics
待合,Waiting Room
新た,New
西洋,The West
期間,Period
行動,Action
集まり,Gathering
想定,Assumption
悲しみ,Sadness
言葉つき,Diction
放つ,To Fire
幸運,Good Luck
遠く,Far Away
愛する,To Love
相変わらず,As Usual
子守歌,Lullaby
高等,High Class
辞書形,Dictionary Form
会議室,Conference Room
議員,Member Of The Diet
尾,Tail
最後尾,End Of A Line
心得,Knowledge
嫌悪感,Unpleasant Feelings
指差す,To Point At
家庭教師,Tutor
不規則,Irregularity
お祝い,Celebration
独裁,Dictatorship
引退,Retiring
従兄弟,Cousin
居眠り,Nap
快適,Pleasant
恐れ,Fear
飾り気,Showing Off
迎え,Meeting
誤り,Mistake
降ろす,To Take Down
透き通る,To Be Transparent
手頃,Moderate
無邪気,Innocence
水中,Underwater
丸ごと,In Its Entirety
外交,Diplomacy
生まれ,Birthplace
地中,Underground
活用,Conjugation
一体,The Heck
小声,Low Voice
辺,Side
役目,Duty
生地,Material
具合,Condition
火事,Fire
通す,To Let Something Pass
台所,Kitchen
農場,Farm
別,Different
心持ち,Feeling
昔話,Folk Tale
見事,Splendid
植える,To Plant Something
親分,Boss
顔文字,Kaomoji
王様,King
意図的,Intentional
近代的,Modern
整える,To Arrange
折れる,To Break
門,Gate
愛人,Lover
虚しい,Empty
果てる,To End
対等,Equality
宙,Midair
天気予報,Weather Forecast
嫌悪,Disgust
対応,Dealing With
心得る,To Know
本質,Essence
反響,Echo
万年筆,Fountain Pen
狭める,To Narrow Something
手渡す,To Hand Over
成程,I See
怒らせる,To Anger Someone
押し,Push
用心棒,Bodyguard
散らし,Leaflet
暮れる,To Get Dark
貴重品,Valuables
馬鹿馬鹿しい,Absurd
埋まる,To Be Buried
一翼,A Part
両翼,Both Wings
揺らぐ,To Shake
偉人,Great Person
偉大,Greatness
偉い,Great
勘定,Calculation
召す,To Call
喚起,Awaken
喚く,To Shout
召喚,Summon
塚,Mound
愛媛県,Ehime Prefecture
慈悲,Compassion
慈愛,Affection
慈善,Charity
挟む,To Put Between
枯渇,Drying Up
枯れる,To Wither
沸く,To Boil
沸点,Boiling Point
浦,Bay
浸す,To Soak
渦,Whirlpool
渦中,Vortex
潤い,Moisture
洗濯機,Washing Machine
洗濯粉,Detergent
洗濯屋,Dry Cleaners
乾燥,Dehydration
焦燥,Impatience
玄関,Entranceway
玄米,Unpolished Rice
瓶,Bottle
花瓶,Vase
空き瓶,Empty Bottle
火炎瓶,Molotov Cocktail
瓶詰,Bottling
耕す,To Till
耕地,Arable Land
耕作,Cultivation
農耕,Farming
聡い,Smart
聡明,Wise
肯定,Positive
脂肪,Fat
樹脂,Resin
皮膚,Skin
苗,Seedling
苗字,Surname
蓮,Sacred Lotus
蓮花,Lotus Flower
覆う,To Cover
貞節,Chastity
貞操,Chastity
不貞,Unfaithful
軒,Eaves
〜軒,House Counter
柔軟,Flexible
軟禁,House Arrest
私邸,Private Residence
官邸,Official Residence
公邸,Official Residence
邸宅,Mansion
邸内,Grounds
郊外,Suburb
近郊,Suburbs
郡,District
釈明,Explanation
注釈,Notes
会釈,Nod
解釈,Explanation
隅,Corner
片隅,Corner
四隅,Four Corners
隅々,Nooks
〜隻,Ship Counter
頂く,To Humbly Receive
山頂,Summit
襟,Collar
鰐蟹,WaniKani
不倫,Adultery
倫理,Ethics
偏る,To Be Biased
偏見,Prejudice
偏狭,Narrow Minded
偏食,Unbalanced Diet
示唆,Suggestion
噴火,Eruption
噴煙,Volcanic Smoke
噴射,Jet
噴水,Water Fountain
噴出,Spewing
孤児,Orphan
孤島,Solitary Island
孤独,Isolation
孤立,Isolation
怠惰,Laziness
怠る,To Be Negligent
恒星,Star
恒例,Established Practice
恒久,Permanent
恒常,Constancy
惰性,Inertia
我慢,Endurance
自慢,Pride
緩慢,Slow
怠慢,Negligence
慢性,Chronic
擁護,Protection
抱擁,Embrace
擁立,Backing
擁する,To Have
特殊,Special
殊勝,Admirable
没,Discard
没後,After Death
戦没,Killed In Action
沈没,Sinking
日没,Sunset
没頭,Immersing Oneself
没落,Ruin
埋没,Implantation
出没,Appearing Frequently
没収,Forfeiture
犠牲,Victim
猟,Hunting
猟師,Hunter
密猟,Poaching
狩猟,Hunting
猟犬,Hunting Dog
発祥,Origin
不祥事,Scandal
秩序,Order
食糧,Provisions
膨大,Huge
膨れる,To Swell
膨張,Expansion
芳香,Perfume
芳しい,Sweet
茨,Thorn
覇気,Ambition
制覇,Conquest
覇権,Hegemony
覇者,Supreme Ruler
連覇,Winning Streak
〜貫,Sushi Counter
一貫,One Piece Of Sushi
貫通,Pierce
貫徹,Persistence
貫く,To Go Through
突貫,Rush
賠償,Reparations
処遇,Treatment
遭遇,Encounter
待遇,Treatment
優遇,Preferential Treatment
冷遇,Cold Reception
境遇,Environment
遭う,To Meet
遭難,Disaster
鎖,Chain
鎖国,National Isolation
封鎖,Blockade
閉鎖,Closing
連鎖,Chain
陥る,To Cave In
陥没,Cave In
陥落,Fall
欠陥,Defect
陳腐,Cliched
陳列,Exhibition
陳述,Statement
陳情,Petition
隼,Falcon
必須,Indispensable
颯と,Quickly
お風呂,Bath
皮膚科,Dermatology
皮膚病,Skin Disease
襟元,Collar
襟巻き,Scarf
丹誠,Working Earnestly
丹念,Diligent
批准,Ratification
過剰,Excess
余剰,Redundant
剰余金,Surplus
召し上がる,To Eat
啓示,Revelation
啓発,Enlightenment
啓蒙,Enlightenment
土壌,Soil
平壌,Pyongyang
寛大,Tolerance
寛容,Tolerance
寛ぐ,To Relax
元帥,General Of The Army
総帥,Commander
統帥,Supreme Command
徐行,Going Slowly
徐々,Gradually
惨事,Disaster
悲惨,Disastrous
惨め,Miserable
惨敗,Crushing Failure
惨状,Disastrous Scene
披露,Announcement
挟まる,To Get Between
据える,To Install
搭載,Built In
搭乗,Boarding
曙,Dawn
枯れ木,Dead Tree
枯らす,To Let Dry
沸かす,To Boil
沸騰,Boiling
自浄,Self Purification
浄化,Purification
浄土,Pure Land
不浄,Uncleanliness
浄水,Clean Water
清浄,Pure
洗浄,Washing
渦巻き,Whirlpool
玄人,Expert
瓜,Melon
西瓜,Watermelon
原稿,Manuscript
草稿,Notes
投稿,Submission
稿料,Advance For Manuscript
緯度,Latitude
南緯,Southern Latitude
北緯,Northern Latitude
経緯,Details
緯線,Parallel
化繊,Synthetic Fibers
繊維,Fiber
合繊,Synthetic Fiber
繊細,Delicate
肯く,To Nod
胞子,Spore
細胞,Cell
同胞,Brethren
胡座,Sitting Cross Legged
胡瓜,Cucumber
脂身,Fat Meat
舗,Shop
店舗,Shop
舗装,Pavement
本舗,Head Office
艦艇,Military Vessel
競艇,Boat Race
苗木,Seedling
苗床,Nursery
葵,Hollyhock
蒙古,Mongolia
蓮根,Lotus Root
虐殺,Atrocity
虐待,Abuse
残虐,Cruelty
暴虐,Tyranny
虐げる,To Oppress
諭す,To Admonish
教諭,Teacher
軒並み,Across The Board
錦,Brocade
錦鯉,Colored Carp
随時,At Any Time
随所,Everywhere
随筆,Essays
随分,Very
追随,Follow
頂,Summit
頂戴,Humbly Receiving
高騰,Sudden Price Jump
暴騰,Sudden Rise
急騰,Sudden Rise
鯉,Carp
緋鯉,Red Carp
真鯉,Black Carp
風呂場,Bathroom
風呂屋,Public Bathhouse
倫理学,Ethics
倫理的,Ethical
偏り,Bias
冠,Crown
王冠,Crown
殊勲,Meritorious Deeds
叙勲,Conferring Of Decorations
勲章,Decoration
卸,Wholesale
卸す,To Sell Wholesale
卸値,Wholesale Price
卸売,Wholesale
叙事詩,Epic Poem
叙述,Giving An Account
叙情,Lyricism
自叙伝,Autobiography
阿呆,Fool
呆ける,To Grow Senile
露呈,Exposure
進呈,Presentation
贈呈,Presentation
哺育,Nursing
噴き出す,To Burst Out
孤児院,Orphanage
尚,Furthermore
和尚,Buddhist High Priest
高尚,High
時期尚早,Premature
庶民,Masses
庶務,General Affairs
怠ける,To Neglect
悠々,Quiet
悠久,Eternity
悠長,Leisurely
愚,Foolish
愚痴,Idle Complaint
傲慢,Pride
誘拐,Kidnapping
杏,Apricot
銀杏,Ginkgo
栞,Bookmark
栽培,Cultivation
盆栽,Bonsai
欄,Column
空欄,Blank Space
欄干,Guardrail
欄外,Margin
殊に,Especially
犠牲者,Victim
哺乳瓶,Baby Bottle
過疎,Depopulation
空疎,Vain
疎遠,Estrangement
疎開,Evacuation
疎外,Estrangement
疎通,Mutual Understanding
疎ら,Sparse
疾患,Disease
疾走,Sprint
疾風,Gale
疾病,Illness
音痴,Tone Deafness
痴呆,Dementia
痴漢,Groper
無秩序,Disorder
自粛,Self Control
厳粛,Gravity
静粛,Silent
兵糧,Army Provisions
紋,Family Crest
指紋,Fingerprint
波紋,Ripple
紋章,Crest
膨らむ,To Expand
茎,Stem
茨城県,Ibaraki Prefecture
山荘,Mountain Retreat
荘厳,Solemnity
別荘,Holiday House
歌謡,Song
童謡,Nursery Rhyme
民謡,Folk Song
貫き通す,To Follow
賠償金,Reparations
実践,Practice
逸話,Anecdote
逸品,Gem
逸脱,Deviation
秀逸,Excellence
逸らす,To Turn Away
最優遇,Most Favorable Treatment
応酬,Exchange
報酬,Reward
酷,Harsh
過酷,Severity
酷使,Exploitation
酷似,Resemblance
酷い,Cruel
酷暑,Intense Heat
残酷,Cruelty
冷酷,Cruel
酷評,Severe Criticism
鎌,Sickle
新陳代謝,Metabolism
陳列室,Showroom
必須条件,Essential Condition
露顕,Discovery
顕在,Actual
顕著,Remarkable
顕彰,Honoring
鯨,Whale
捕鯨,Whaling
鯨肉,Whale Meat
之,This
起伏,Undulation
伏せる,To Cover
降伏,Surrender
潜伏,Conceal
伏線,Foreshadowing
伏兵,Ambush
佳作,Fine Work
傍,Near
傍観,Look On
傍受,Monitoring
凝固,Solidify
凝視,Stare
凝る,To Be Passionate About
奉仕,Attendance
信奉,Belief
奉公,Service
奉納,Dedication
尿,Urine
弥生,Yayoi Period
循環,Circulation
哀悼,Condolence
追悼,Mourning
惜しむ,To Be Frugal
惜敗,Loss Of A Close Game
愉快,Pleasant
憂鬱,Depression
憂国,Patriotic Concern
憂慮,Anxiety
憂える,To Be Anxious
遺憾,Regrettable
披露宴,Wedding Reception
一抹,A Little
抹殺,Obliteration
抹茶,Matcha
抹消,Erase
据え付ける,To Install
一旦,Once
元旦,New Year's Day
繁昌,Prosperity
素朴,Simple
栃木県,Tochigi Prefecture
栓,Cork
栓抜き,Bottle Opener
洗浄剤,Detergent
南瓜,Pumpkin
瓜実顔,Oval Face
治癒,Healing
癒着,Adhesion
粗野,Rustic
粗い,Coarse
粗悪,Coarse
累計,Cumulative Total
累進,Successive Promotion
累積,Accumulation
老舗,Old Shop
山葵,Wasabi
捕虜,Prisoner Of War
虜,Captive
該当,Correspond
貴賓,Noble Visitor
国賓,State Guest
来賓,Guest
賓客,Guest Of Honor
赴任,Move For A Different Job
旦那,Master
輪郭,Outline
鎮圧,Suppression
鎮魂,Repose Of Souls
鎮める,To Appease
重鎮,Leader
鎮痛剤,Painkiller
骨髄,Bone Marrow
真髄,Essence
神髄,Essence
脊髄,Spinal Cord
凛々しい,Gallant
非凡,Prodigy
凡人,Ordinary Person
平凡,Common
凡庸,Mediocre
匠,Artisan
意匠,Design
師匠,Master
巨匠,Master
呆れる,To Be Amazed
呉服,Draperies
呉越同舟,Bitter Enemies In The Same Boat
嘉日,Auspicious Day
主宰,Supervision
宰相,Prime Minister
寂しい,Lonely
静寂,Silence
大尉,Captain
少尉,Second Lieutenant
中尉,First Lieutenant
尚更,All The More
尚且つ,And Yet
庶民的,Ordinary
疲弊,Exhaustion
弊害,Evil Effect
弦,Bowstring
弦楽,String Music
怠い,Sluggish
怠け者,Lazy Person
恭しい,Respectful
満悦,Delight
愚か,Foolish
〜拍,Counter For Beats
拍手,Applause
脈拍,Pulse
搾る,To Squeeze
搾取,Exploitation
搾乳,Milking
摂氏,Centigrade
摂理,Divine Providence
摂取,Intake
智,Wisdom
柴,Firewood
柴犬,Shiba Inu
洪水,Flood
猶予,Extension
疎か,Neglect
方向音痴,No Sense Of Direction
墓碑,Gravestone
石碑,Stone Monument
碑文,Inscription
記念碑,Monument
穀物,Grain
穀類,Grains
米穀,Rice
窒息,Suffocation
窒素,Nitrogen
窮地,Dilemma
窮屈,Tight
窮乏,Poverty
困窮,Poverty
窮状,Distress
紳士,Gentleman
縛る,To Tie
束縛,Restraint
縫う,To Sew
裁縫,Sewing
縫製,Sewing
船舶,Ship
舶来,Imported
蝶,Butterfly
歌謡曲,Popular Song
管轄,Jurisdiction
所轄,Jurisdiction
直轄,Direct Control
逸れる,To Stray
遥か,Far Away
無報酬,Without Pay
錯誤,Mistake
錯覚,Illusion
錯乱,Confusion
交錯,Mixture
倒錯,Perversion
丘陵,Hill
靖国神社,Yasukuni Shrine
飽和,Saturation
飽きる,To Get Tired Of
飽食,Satiation
熊之実,Clownfish
乙,Second
甲乙,A And B
間伐,Tree Thinning
伐採,Lumbering
減俸,Salary Reduction
年俸,Annual Salary
傍ら,While
凸版,Letterpress
凹凸,Uneven
恐喝,Blackmail
坪,Tsubo
堕落,Corruption
奉行,Magistrate
海峡,Channel
峡谷,Ravine
弔意,Condolence
弔辞,Memorial Address
弔う,To Mourn For
悪循環,Vicious Cycle
循環器,Circulatory Organ
惜しい,Regrettable
不愉快,Unpleasant
憂い,Grief
果敢,Resolute
敢えて,Dare To
敢行,Decisive Action
敢然,Boldly
敢闘,Fight Bravely
勇敢,Brave
旋回,Revolution
旋風,Whirlwind
旋律,Melody
楓,Maple
楓糖,Maple Sugar
水槽,Fish Tank
浴槽,Bathtub
定款,Articles Of Incorporation
約款,Agreement
借款,Loan
漬ける,To Pickle Something
烏,Crow
烏龍茶,Oolong Tea
盲人,Blind Person
盲点,Blind Spot
盲目,Blindness
色盲,Color Blindness
粗塩,Sea Salt
紺,Navy Blue
濃紺,Dark Navy Blue
網羅,Covering
羅列,Enumeration
羅針盤,Compass
胎児,Embryo
堕胎,Abortion
受胎,Conception
胎盤,Placenta
腸,Guts
胃腸,Stomach
盲腸,Appendix
大腸,Large Intestine
膜,Membrane
角膜,Cornea
網膜,Retina
萌芽,Germination
均衡,Equilibrium
平衡,Balance
烏賊,Squid
海賊,Pirate
山賊,Bandit
盗賊,Thief
迎賓館,Reception Hall
普遍,Universal
一遍,Once
何遍,How Many Times
遍歴,Experiences 
遮る,To Interrupt
遮断,Isolation
酵素,Enzyme
酵母,Yeast
発酵,Fermentation
醸成,Brew
醸造,Brewing
醸す,To Brew
鎮まる,To Quiet Down
閲覧,Browsing
検閲,Censor
校閲,Revision
鼓舞,Inspiration
鼓,Hand Drum
鼓動,Beat
鼓膜,Eardrum
太鼓,Drum
享受,Enjoyment
傑作,Masterpiece
豪傑,Hero
凌ぐ,To Endure
解剖,Autopsy
呆け,Idiot
呆気,Dumbfounded
呆れ返る,To Be Utterly Amazed
嘱託,Part Time Employee
奔走,Running About
奔放,Wild
媒介,Intermediary
媒体,Media
触媒,Catalyst
媒酌,Matchmaking
帆,Sail
帆走,Sailing
弦楽器,Stringed Instrument
管弦楽,Orchestral Music
回忌,Death Anniversary
忌,Mourning
禁忌,Taboo
一周忌,First Anniversary Of Death
忌まわしい,Unpleasant
感慨,Strong Feelings
憤慨,Anger
憤り,Resentment
遊戯,Game
戯曲,Drama
戯れる,To Toy With
扶助,Aid
扶養,Support
拍子,Beat
暁,Dawn
不朽,Immortal
老朽,Decrepit
朽ちる,To Decay
脊椎,Spine
殻,Shell
地殻,Earth's Crust
淑やか,Graceful
淑女,Lady
汚濁,Pollution
濁す,To Make Muddy
濁流,Muddy Stream
起訴猶予,Suspension Of Indictment
執行猶予,Suspended Sentence
瑞々しい,Fresh
硫酸,Sulfuric Acid
窃盗,Theft
紳士協定,Gentlemen's Agreement
絹,Silk
絹糸,Silk Thread
金縛り,Sleep Paralysis
縛り首,Hanging
縫目,Seam
肖像,Portrait
藩,Fiefdom
藩主,Feudal Lord
蝶々,Butterfly
棋譜,Game Records
楽譜,Musical Score
系譜,Genealogy
年譜,Chronological Record
譜面,Sheet Music
恩赦,Amnesty
赦免,Pardon
容赦,Pardon
更迭,Reshuffle
晩酌,Evening Drink
酌む,To Serve
錠,Lock
手錠,Handcuffs
錠剤,Pill
陪審,Jury
飽き,Weariness
飽くまでも,To The Last
鶏,Chicken
鶏肉,Chicken Meat
鶏卵,Chicken Egg
養鶏,Chicken Farming
早乙女,Rice Planting Girl
東亜,East Asia
侮蔑,Scorn
侮る,To Despise
侮辱,Insult
凸凹,Uneven
凹む,To Get Dented
卑屈,Subservient
卑劣,Mean
叔父,Uncle
叔母,Aunt
吟味,Scrutiny
堪える,To Endure
婚姻,Marriage
駐屯,Stationed
岬,Cape
峠,Mountain Pass
崇高,Loftiness
崇拝,Worship
惜しまない,Without Sparing
慶事,Auspicious Event
弁慶,Benkei
慶祝,Congratulation
慶弔,Congratulations And Condolences
憂き目,Bitterness
憧れ,Yearning
憧れる,To Long For
稚拙,Unskillful
模擬,Imitation
擬装,Disguise
取り敢えず,For The Time Being
法曹,Lawyer
ご無沙汰,Neglecting To Contact
流浪,Vagrancy
浪費,Waste
放浪,Wandering
浪人,Ronin
浮浪者,Vagrant
漆,Lacquer
漆器,Lacquerware
漆黒,Jet Black
漬物,Tsukemono
〜漬け,Pickled In
漬かる,To Be Well Pickled
甚大,Immense
甚だ,Very
親睦,Friendship
暗礁,Reef
環礁,Atoll
岩礁,Reef
禍根,Root Of Evil
戦禍,War Damages
危篤,Critical Condition
紡ぐ,To Spin
紡績,Spinning
紡織,Spinning And Weaving
胆,Guts
魂胆,Plot
胆石,Gallstones
大胆,Bold
落胆,Discouragement
大腸菌,E. Coli
萌え,Sprouting
軽蔑,Scorn
蔑む,To Scorn
不均衡,Imbalance
詠む,To Compose
普遍的,Universal
一遍に,At Once
遮断機,Crossing Gate
左遷,Demotion
遷都,Move The Capital
変遷,Change
酪農,Dairy Farming
鋳造,Casting
閑散,Deserted
閑静,Quiet
雌,Female
雌花,Female Flower
倹約,Thrift
解剖学,Anatomy
弾劾,Impeachment
隠匿,Hide
匿名,Anonymity
升,Grid
升目,Square
唄,Song
唄う,To Sing
長唄,Long Shamisen Song
囚人,Prisoner
死刑囚,Condemned Criminal
坑道,Tunnel
妄想,Delusion
婿,Husband
花婿,Bridegroom
娘婿,Son In Law
寡婦,Widow
寡黙,Silent
帆船,Sailboat
帆柱,Mast
廉価,Low Price
管弦楽団,Orchestra
思慕,Yearning
慕う,To Adore
感慨無量,Deep Emotion
感慨深い,Deeply Moving
悪戯,Tease
戯れ,Play Flirt
拷問,Torture
某〜,Certain
桟橋,Pier
殉職,Die At One's Post
吸い殻,Cigarette Butt
分泌,Secretion
泌尿器,Urinary Organs
渓谷,Valley
渓流,Mountain Stream
湧く,To Well Up
湧水,Spring Water
漸く,Finally
濁る,To Become Muddy
煩い,Noisy
煩雑,Complex
煩忙,Busy
湖畔,Lake Shore
下痢,Diarrhea
赤痢,Dysentery
矯正,Correction
硫黄,Sulfur
罷免,Dismissal
藍,Indigo
藻,Seaweed
海藻,Seaweed
野蛮,Savage
南蛮,Southern Barbarians
蛮行,Barbarism
謹賀新年,Happy New Year
容赦なく,Relentlessly
逝去,Death
醜い,Ugly
醜悪,Ugly
醜態,Shameful Sight
醜聞,Scandal
狐,Fox
大人しい,Obedient
出かける,To Go Out
大体,Generally
海王星,Neptune
以下,Less Than
番組,Program
部室,Clubroom
大学院,Graduate School
親指,Thumb
大学院生,Graduate Student
意地悪,Malicious
昼休み,Lunch Break
食料品,Groceries
愛情,Love
幸い,Happiness
混血,Mixed Race
議長,Chairman
楽天主義,Optimism
待機,Standby
沢山,A Lot
燃料,Fuel
収める,To Store
違反,Violation
理屈,Logic
浜辺,Beach
寄る,To Approach
程よく,Properly
華道,Flower Arrangement
武装,Arms
白熊,Polar Bear
弾力,Elasticity
控え,Backup
慰謝料,Compensation
木綿,Cotton
左右,Left And Right
大気,Atmosphere
町民,Townspeople
文学,Literature
知る,To Know
来週,Next Week
科目,Subject
合図,Sign
生物,Living Thing
家事,Housework
今朝,This Morning
港,Harbor
神様,God
文化祭,School Festival
晴れ,Clear Weather
治安,Public Order
一昨日,Day Before Last
禁じる,To Prohibit
高等学校,Senior High School
目覚める,To Wake Up
有り難う,Thank You
現に,Actually
両腕,Both Arms
増す,To Increase
右腕,Right Arm
胃,Stomach
何故なら,Because
迷い,Hesitation
遊び,Play
華美,Gaudy
火照る,To Feel Hot
異常,Abnormal
傷む,To Be Damaged
石油,Oil
依然,Still
支払い,Payment
奥底,Depths
〜房,Section
渋々,Reluctantly
露,Dew
入力,Input
戸,Japanese Style Door
女の人,Woman
本来,Originally
手首,Wrist
光る,To Shine
数年,Several Years
絵文字,Emoji
部首,Radical
近所,Neighborhood
足し算,Addition
引き算,Subtraction
生物学,Biology
指先,Fingertip
湯,Hot Water
活動,Activity
本能,Instinct
運動会,Sports Day
昨年,Last Year
資格,Qualifications
お土産,Souvenir
割り算,Division
輸送,Transportation
掛け算,Multiplication
間違える,To Make A Mistake
移動,Movement
捜索,Search
背広,Business Suit
札,Tag
以後,After This
使用,Use
番号札,Numbered Tag
特選,Special Selection
人参,Carrot
荷札,Tag
品物,Goods
値札,Price Tag
優れる,To Surpass
以降,Hereafter
御札,Amulet
辛口,Spicy Taste
洗濯する,To Wash
投手,Pitcher
伝記,Biography
祭日,Festival Day
着々,Steadily
遠足,Excursion
匂い,Smell
匂う,To Smell
嬉々,State Of Enjoyment
嬉しい,Glad
嘘,Lie
嘘吐き,Liar
串,Skewer
串焼き,Grilled Skewers
喉,Throat
喉飴,Cough Drop
喉頭,Larynx
叩く,To Strike
叩頭,Bow
飴,Candy
飴細工,Sugar Sculpture
噂,Rumor
諦観,Resignation
諦める,To Give Up
捉える,To Catch
膝,Knee
膝頭,Kneecap
膝小僧,Kneecap
眉,Eyebrows
眉間,Brow
眉毛,Eyebrow
濡らす,To Wet
濡れる,To Get Wet
濡れ衣,False Accusations
痩せる,To Get Thin
痩身,Lean
羨ましい,Envious
羨む,To Envy
羨望,Envy
慌てる,To Panic
慌ただしい,Hurried
恐慌,Panic
世界恐慌,The Great Depression
挨拶,Greeting
〜斤,Bread Loaf Counter
一斤,One Loaf of Bread
二斤,Two Loaves of Bread
袖,Sleeve
半袖,Short Sleeves
長袖,Long Sleeves
領袖,Leader
凄い,Amazing
凄く,Awfully
凄絶,Extremely Gruesome
絞める,To Strangle
妖精,Fairy
妖怪,Monster
妖しい,Enchanting
喋る,To Chat
鮭,Salmon
宛名,Addressee
蹴る,To Kick
一蹴する,To Kick
喧嘩,Fight
喧しい,Noisy
裂ける,To Be Split
治る,To Get Better
薄まる,To Be Diluted
寄せる,To Move Something Close To
退ける,To Repel Something
収まる,To Fit Inside
転がす,To Roll Something
苦しめる,To Hurt Someone
痛める,To Injure Something
延びる,To Be Extended
加わる,To Be Added To
零れる,To Get Spilled
点く,To Be Lit
進める,To Advance Something
従える,To Be Accompanied By
炊ける,To Be Cooked
揚がる,To Be Fried Up
受かる,To Get Accepted
改める,To Change Something
広げる,To Spread Something
終える,To Finish Something
帰す,To Send Someone Back
砕ける,To Be Smashed
刺さる,To Be Pierced
煮える,To Be Boiled
欠く,To Lack Something
外す,To Disconnect Something
産まれる,To Be Born
温まる,To Warm Up
預かる,To Look After
山びこ,Echo
力いっぱい,With All One's Strength
テーブルの上,On The Table
ベッドの下,Under The Bed
口にする,To Mention
山道,Mountain Road
麺,Noodles
麺棒,Rolling Pin
拉麺,Ramen
素麺,Somen
中華麺,Chinese Noodles
苺,Strawberry
股,Crotch
股下,Inseam
股間,Crotch
股関節,Hip Joint
柵,Fence
鉄柵,Iron Fence
電気柵,Electric Fence
噛む,To Bite
狼,Wolf
狼男,Werewolf
咳,Cough
人狼,Werewolf
麺つゆ,Mentsuyu
拉致,Abduction
苛める,To Bully
苛々する,To Get Irritated
煎餅,Senbei
煎茶,Green Tea
煎る,To Roast
親戚,Relatives
餅,Mochi
屁,Flatulence
屁理屈,Illogical Argument
完璧,Perfect
痒い,Itchy
苛む,To Torment
天王星,Uranus
火星,Mars
木星,Jupiter
冥王星,Pluto
冥界,Underworld
冥土,Realm Of The Dead
飲酒運転,Drunk Driving
飲酒,Drinking Alcohol
出身,One's Origin
関わる,To Be Involved
高度,Altitude
築く,To Build Something
莫大,Huge
仕える,To Serve
初恋,First Love
初耳,Something Heard For The First Time
回答,Answer
昆虫,Insect
殺虫剤,Insecticide
岡山城,Okayama Castle
人里,Human Habitation
里芋,Taro
お持ち帰り,Takeout
任す,To Entrust Something
我が国,Our Country
我が〜,Our
乗車券,Passenger Ticket
乗客,Passenger
乗馬,Horseback Riding
頁,Page
癒す,To Heal Something
弊社,Our Company
北斗七星,The Big Dipper
一斗缶,Eighteen-Liter Container
綾取り,Cat's Cradle
硬貨,Coin
鑑みる,To Be In Light Of Something
彫る,To Carve Something
同窓会,Class Reunion
抱っこ,Holding In One's Arms
雄,Male
居候,Freeloader
温厚,Mild-Mannered
由来,Origin
経由,Via
由緒,Lineage
由緒正しい,Of Honorable Lineage
〜分,Minute
種,Seed
任せる,To Entrust Something
お任せ,Leaving Decisions To Someone Else
怪我,Injury
解凍,Thawing
豊富,Abundant
交代,Change
押さえる,To Hold Something Down
献立,Menu
空手,Karate
出張,Business Trip
出社,Going To The Office
無くなる,To Be Gone
無くす,To Get Rid Of Something
青春,Youth
その他,The Others
豚骨ラーメン,Tonkotsu Ramen
豚カツ,Tonkatsu
〜毎に,For Every
激怒,Rage
勿論,Of Course
勿体ない,Wasteful
瑛斗,Eito
遼太,Ryota
亮平,Ryohei
綾乃,Ayano
大輔,Daisuke
諒一郎,Ryoichiro
莉子,Riko
駿馬,Fast Horse
茜色,Madder Red
那智の滝,Nachi Falls
浄瑠璃,Joruri
瑠璃色,Bright Blue
蒼白,Pallid
拓哉,Takuya
菅原,Sugahara
酌,Pouring Alcohol
酌量,Making Allowances
酌み交わす,To Drink Together
詠う,To Compose
詠歌,Poem
詠嘆,Deep Feeling
梓川,Azusa River
某,Someone Or Other
某国,A Certain Country
某所,A Certain Place
某氏,A Certain Person
沙羅,Sara
土砂,Sediment
砂利,Gravel
日の出,Sunrise
生ビール,Draft Beer
元々,Originally
元パートナー,Ex-Partner
心強い,Reassuring
内ポケット,Inside Pocket
石ころ,Small Stone
町外れ,Outskirts Of Town
世に出る,To Go Out Into The World
他の人,Someone Else
ナポレオン三世,Napoleon The Third
自撮り,Selfie
節目,Turning Point
節々,Various Joints
田んぼ,Rice Paddy
三日月,Crescent Moon
立場,Standpoint
上手い,Good At
悪化,Deterioration
教わる,To Learn Something From Someone
正月,New Year
現役,Actively Working
行,Line of Text
疑う,To Doubt
空く,To Become Empty
繋がる,To Be Connected
肩こり,Shoulder Stiffness
下りる,To Go Down
去る,To Leave
揃う,To Be Complete
繋ぐ,To Connect Something
雨戸,Shutter
三十代,One's Thirties
代金,Cost
問う,To Question Something
明かり,Light
下る,To Descend
問い合わせる,To Inquire
揃える,To Arrange Something
毛皮,Fur
炒める,To Fry
雨天,Rainy Weather
一昨年,Year Before Last
受け入れる,To Accept Something
手軽,Simple And Easy
梅雨,Rainy Season
炒る,To Roast
天然,Natural
明らか,Obvious
炒飯,Fried Rice
生じる,To Occur
仕組み,System
受け取る,To Receive Something
素直,Honest
行列,Line
十分,Enough
立ち去る,To Leave
歯科,Dentistry
准教授,Associate Professor
一ヶ月,One Month
〜ヶ月,Counter For Months
明後日,Day After Tomorrow
客観的,Objective
鉄板,Iron Plate
紅葉,Autumn Leaves
親父,One's Father
水泳,Swimming
重ねる,To Stack
通じる,To Pass Through
相次ぐ,To Happen Successively
食う,To Eat
為替,Currency Exchange
蛇口,Faucet
十分間,Ten Minutes
世話,Care
首相,Prime Minister
流石,As Expected
重なる,To Be Piled Up
統一,Unity
一ヶ所,One Place
費やす,To Spend
申請,Application
素人,Amateur
衣装,Clothing
唐揚げ,Fried Chicken
選択肢,Choices
蘇生,Resuscitation
紫蘇,Shiso
